p1_ace,p2_ace,p1_winner,p2_winner,winner_shot_type,p1_double_fault,p2_double_fault,p1_unf_err,p2_unf_err,p1_net_pt,p2_net_pt,p1_net_pt_won,p2_net_pt_won,p1_break_pt,p2_break_pt,p1_break_pt_won,p2_break_pt_won,p1_break_pt_missed,p2_break_pt_missed,p1_distance_run,p2_distance_run,rally_count
0,1,0,1,0,0,0,0,0,0,0,0,0,0,0,0,0,0,0,1.72,1.283,1
0,1,0,1,00,0,0,0,0,0,1,0,1,0,0,0,0,0,0,15.678,13.716,4
0,1,1,1,00B,0,0,0,0,0,1,0,1,0,0,0,0,0,0,31.511000000000003,30.534999999999997,10
0,1,1,2,00BF,0,0,0,0,0,1,0,1,0,0,0,0,0,0,38.754000000000005,35.165,13
0,2,1,3,00BF0,0,0,0,0,0,1,0,1,0,0,0,0,0,0,40.02400000000001,36.197,14
0,2,2,3,00BF0B,0,0,0,0,1,1,1,1,0,0,0,0,0,0,48.83800000000001,48.192,17
1,2,3,3,00BF0B0,0,0,0,0,1,1,1,1,0,0,0,0,0,0,49.973000000000006,49.462,18
2,2,4,3,00BF0B00,0,0,0,0,1,1,1,1,0,0,0,0,0,0,51.078,50.748000000000005,19
2,2,4,3,00BF0B000,0,0,0,0,1,1,1,1,0,0,0,0,0,0,62.797000000000004,65.97,23
2,2,4,3,00BF0B0000,0,0,1,0,1,1,1,1,0,0,0,0,0,0,67.90100000000001,74.549,25
2,2,4,3,00BF0B00000,0,0,1,0,1,1,1,1,0,0,0,0,0,0,74.45400000000001,82.659,26
2,2,4,4,00BF0B00000B,0,0,1,0,1,2,1,2,0,0,0,0,0,0,83.244,93.97300000000001,29
2,2,4,4,00BF0B00000B0,0,0,1,1,1,2,1,2,0,0,0,0,0,0,90.698,101.45500000000001,31
2,3,4,5,00BF0B00000B00,0,0,1,1,1,2,1,2,0,0,0,0,0,0,91.51899999999999,102.308,32
2,3,5,5,00BF0B00000B00F,0,0,1,1,1,2,1,2,0,0,0,0,0,0,105.69399999999999,119.10000000000001,36
2,3,5,5,00BF0B00000B00F0,0,0,1,2,1,2,1,2,0,0,0,0,0,0,113.72399999999999,126.12500000000001,38
2,3,5,5,00BF0B00000B00F00,0,0,1,2,1,3,1,2,1,0,1,0,0,0,136.15699999999998,144.848,42
2,3,5,5,00BF0B00000B00F000,0,0,2,2,1,3,1,2,1,0,1,0,0,0,144.46399999999997,154.56,44
2,3,6,5,00BF0B00000B00F000B,0,0,2,2,2,3,2,2,1,0,1,0,0,0,162.14799999999997,174.737,49
3,3,7,5,00BF0B00000B00F000B0,0,0,2,2,2,3,2,2,1,0,1,0,0,0,162.79399999999995,175.565,50
3,3,8,5,00BF0B00000B00F000B0B,0,0,2,2,3,3,3,2,1,0,1,0,0,0,171.23699999999997,185.734,53
3,3,8,5,00BF0B00000B00F000B0B0,0,0,3,2,3,3,3,2,1,0,1,0,0,0,178.52999999999997,194.329,55
3,3,8,5,00BF0B00000B00F000B0B00,0,0,3,2,4,3,3,2,1,0,1,0,0,0,186.914,201.03400000000002,57
3,3,8,5,00BF0B00000B00F000B0B000,0,0,3,2,4,3,3,2,1,0,1,0,0,0,208.475,227.78500000000003,63
3,3,8,5,00BF0B00000B00F000B0B0000,0,0,3,2,4,3,3,2,1,1,1,0,0,1,224.128,241.44700000000003,66
3,3,8,5,00BF0B00000B00F000B0B00000,0,0,3,2,4,3,3,2,1,1,1,0,0,1,227.43499999999997,245.48600000000002,67
3,3,8,5,00BF0B00000B00F000B0B000000,0,0,3,3,4,3,3,2,1,1,1,0,0,1,239.789,256.382,70
3,3,9,5,00BF0B00000B00F000B0B000000F,0,0,3,3,4,4,3,2,1,1,1,0,0,1,244.81599999999997,261.897,72
3,3,9,5,00BF0B00000B00F000B0B000000F0,0,0,3,3,4,4,3,2,1,1,1,0,0,1,252.71999999999997,267.493,74
3,3,9,5,00BF0B00000B00F000B0B000000F00,0,0,3,3,4,4,3,2,1,1,1,0,0,1,258.25199999999995,272.86199999999997,75
3,3,10,5,00BF0B00000B00F000B0B000000F00B,0,0,3,3,5,4,4,2,1,1,1,0,0,1,287.39699999999993,294.05499999999995,83
3,3,11,5,00BF0B00000B00F000B0B000000F00BF,0,0,3,3,5,4,4,2,2,1,2,0,0,1,315.8569999999999,314.76199999999994,91
3,3,11,5,00BF0B00000B00F000B0B000000F00BF0,0,0,4,3,5,4,4,2,2,1,2,0,0,1,321.4299999999999,324.99899999999997,93
4,3,12,5,00BF0B00000B00F000B0B000000F00BF00,0,0,4,3,5,4,4,2,2,1,2,0,0,1,322.1469999999999,326.042,94
4,3,13,5,00BF0B00000B00F000B0B000000F00BF00B,0,0,4,3,5,4,4,2,2,1,2,0,0,1,339.5069999999999,347.18399999999997,99
4,3,13,5,00BF0B00000B00F000B0B000000F00BF00B0,0,0,4,3,6,4,5,2,2,1,2,0,0,1,358.3899999999999,363.26699999999994,102
4,3,13,5,00BF0B00000B00F000B0B000000F00BF00B00,0,0,4,3,6,4,5,2,2,1,2,0,0,1,361.48199999999986,367.01599999999996,103
4,3,13,5,00BF0B00000B00F000B0B000000F00BF00B000,0,0,4,3,6,4,5,2,2,1,2,0,0,1,363.6949999999999,368.80199999999996,104
4,3,13,5,00BF0B00000B00F000B0B000000F00BF00B0000,0,0,5,3,6,4,5,2,2,1,2,0,0,1,368.2999999999999,373.09299999999996,105
4,3,13,5,00BF0B00000B00F000B0B000000F00BF00B00000,0,0,5,4,6,4,5,2,2,1,2,0,0,1,395.7079999999999,400.94599999999997,111
4,3,13,6,00BF0B00000B00F000B0B000000F00BF00B00000F,0,0,5,4,6,5,5,3,2,1,2,0,0,1,403.25499999999994,410.727,114
4,3,13,6,00BF0B00000B00F000B0B000000F00BF00B00000F0,0,0,5,5,6,5,5,3,2,1,2,0,0,1,412.42599999999993,418.181,116
4,3,13,6,00BF0B00000B00F000B0B000000F00BF00B00000F00,0,0,5,5,6,5,5,3,2,1,2,0,0,1,417.3669999999999,424.751,117
4,3,13,6,00BF0B00000B00F000B0B000000F00BF00B00000F000,0,0,6,5,6,5,5,3,2,1,2,0,0,1,432.0919999999999,439.412,121
4,3,13,6,00BF0B00000B00F000B0B000000F00BF00B00000F0000,0,0,6,5,6,5,5,3,2,1,2,0,0,1,450.4529999999999,454.578,122
4,3,14,6,00BF0B00000B00F000B0B000000F00BF00B00000F0000B,0,0,6,5,6,5,5,3,2,1,2,0,0,1,456.18299999999994,461.938,125
4,3,14,6,00BF0B00000B00F000B0B000000F00BF00B00000F0000B0,0,0,6,5,6,5,5,3,2,1,2,0,0,1,480.6379999999999,488.489,130
5,3,15,6,00BF0B00000B00F000B0B000000F00BF00B00000F0000B00,0,0,6,5,6,5,5,3,2,1,2,0,0,1,481.3209999999999,489.23199999999997,131
5,3,15,6,00BF0B00000B00F000B0B000000F00BF00B00000F0000B000,0,0,6,6,6,5,5,3,2,1,2,0,0,1,511.6169999999999,516.227,139
5,3,15,6,00BF0B00000B00F000B0B000000F00BF00B00000F0000B0000,0,0,7,6,6,5,5,3,2,1,2,0,0,1,528.5709999999999,532.586,144
5,3,15,6,00BF0B00000B00F000B0B000000F00BF00B00000F0000B00000,0,0,7,6,7,5,6,3,2,1,2,0,0,1,558.146,554.967,150
5,3,15,6,00BF0B00000B00F000B0B000000F00BF00B00000F0000B000000,0,0,7,6,7,5,6,3,2,1,2,0,0,1,564.16,563.252,151
5,3,15,6,00BF0B00000B00F000B0B000000F00BF00B00000F0000B0000000,0,0,7,6,7,5,6,3,2,1,2,0,0,1,569.808,567.289,152
5,3,15,6,00BF0B00000B00F000B0B000000F00BF00B00000F0000B00000000,0,0,7,6,7,5,6,3,2,1,2,0,0,1,579.352,575.49,153
5,3,15,6,00BF0B00000B00F000B0B000000F00BF00B00000F0000B000000000,0,0,7,6,7,6,6,4,2,1,2,0,0,1,623.875,620.422,159
5,3,15,6,00BF0B00000B00F000B0B000000F00BF00B00000F0000B0000000000,0,0,7,6,7,6,6,4,2,1,2,0,0,1,638.309,634.928,162
5,3,15,6,00BF0B00000B00F000B0B000000F00BF00B00000F0000B00000000000,0,0,7,6,7,7,6,5,2,1,2,0,0,1,668.7339999999999,665.378,170
5,3,15,6,00BF0B00000B00F000B0B000000F00BF00B00000F0000B000000000000,0,0,7,6,8,7,7,5,2,1,2,0,0,1,681.4029999999999,677.224,171
5,3,15,6,00BF0B00000B00F000B0B000000F00BF00B00000F0000B0000000000000,0,0,7,6,8,7,7,5,2,1,2,0,0,1,697.5299999999999,691.567,174
5,3,15,6,00BF0B00000B00F000B0B000000F00BF00B00000F0000B00000000000000,0,0,7,6,8,7,7,5,2,1,2,0,0,1,703.5389999999999,699.157,175
5,3,15,6,00BF0B00000B00F000B0B000000F00BF00B00000F0000B000000000000000,0,1,7,7,8,7,7,5,2,1,2,0,0,1,706.5629999999999,701.134,175
5,3,15,6,00BF0B00000B00F000B0B000000F00BF00B00000F0000B0000000000000000,0,1,7,8,8,7,7,5,2,1,2,0,0,1,720.3979999999999,712.295,179
5,3,15,6,00BF0B00000B00F000B0B000000F00BF00B00000F0000B00000000000000000,0,1,8,8,8,7,7,5,2,1,2,0,0,1,724.872,716.433,180
5,3,15,6,00BF0B00000B00F000B0B000000F00BF00B00000F0000B000000000000000000,0,1,9,8,8,7,7,5,2,1,2,0,0,1,732.6479999999999,725.228,181
5,3,15,6,00BF0B00000B00F000B0B000000F00BF00B00000F0000B0000000000000000000,0,1,9,8,8,7,7,5,2,1,2,0,0,1,737.382,729.976,182
5,3,15,6,00BF0B00000B00F000B0B000000F00BF00B00000F0000B00000000000000000000,0,1,10,8,8,7,7,5,2,1,2,0,0,1,741.6619999999999,734.419,183
5,3,15,6,00BF0B00000B00F000B0B000000F00BF00B00000F0000B000000000000000000000,0,1,10,8,8,7,7,5,2,1,2,0,0,1,749.079,743.5269999999999,185
5,3,15,6,00BF0B00000B00F000B0B000000F00BF00B00000F0000B0000000000000000000000,0,1,10,8,8,7,7,5,2,1,2,0,0,1,750.424,745.2829999999999,186
5,3,15,6,00BF0B00000B00F000B0B000000F00BF00B00000F0000B00000000000000000000000,0,1,10,8,8,7,7,5,2,1,2,0,0,1,762.566,757.9579999999999,189
5,3,15,6,00BF0B00000B00F000B0B000000F00BF00B00000F0000B000000000000000000000000,0,1,10,8,9,7,8,5,2,1,2,0,0,1,768.956,764.2959999999998,190
6,3,16,6,00BF0B00000B00F000B0B000000F00BF00B00000F0000B0000000000000000000000000,0,1,10,8,9,7,8,5,2,1,2,0,0,1,769.965,766.0039999999998,191
6,3,16,6,00BF0B00000B00F000B0B000000F00BF00B00000F0000B00000000000000000000000000,0,1,10,8,9,7,8,5,2,1,2,0,0,1,792.126,783.2869999999998,195
6,3,16,6,00BF0B00000B00F000B0B000000F00BF00B00000F0000B000000000000000000000000000,0,1,10,8,9,7,8,5,2,1,2,0,0,1,804.384,791.8699999999998,198
6,3,16,6,00BF0B00000B00F000B0B000000F00BF00B00000F0000B0000000000000000000000000000,0,1,11,8,9,7,8,5,2,1,2,0,0,1,826.0550000000001,810.4979999999998,203
6,3,16,6,00BF0B00000B00F000B0B000000F00BF00B00000F0000B00000000000000000000000000000,0,1,11,8,9,7,8,5,2,1,2,0,0,1,840.0740000000001,821.7639999999998,204
6,4,16,7,00BF0B00000B00F000B0B000000F00BF00B00000F0000B000000000000000000000000000000,0,1,11,8,9,7,8,5,2,1,2,0,0,1,840.9720000000001,822.6819999999998,205
6,4,16,7,00BF0B00000B00F000B0B000000F00BF00B00000F0000B0000000000000000000000000000000,1,1,12,8,9,7,8,5,2,1,2,0,0,1,842.1940000000001,824.0759999999998,205
6,4,16,7,00BF0B00000B00F000B0B000000F00BF00B00000F0000B00000000000000000000000000000000,1,1,12,8,9,7,8,5,2,1,2,0,0,1,845.297,827.0619999999998,206
6,4,16,7,00BF0B00000B00F000B0B000000F00BF00B00000F0000B000000000000000000000000000000000,1,1,12,8,9,7,8,5,2,1,2,0,0,1,867.798,851.5289999999998,213
6,4,16,7,00BF0B00000B00F000B0B000000F00BF00B00000F0000B0000000000000000000000000000000000,1,1,12,9,9,7,8,5,2,1,2,0,0,1,878.154,863.6869999999998,216
6,4,17,7,00BF0B00000B00F000B0B000000F00BF00B00000F0000B0000000000000000000000000000000000F,1,1,12,9,10,7,9,5,2,1,2,0,0,1,893.585,883.0259999999998,221
6,4,17,8,00BF0B00000B00F000B0B000000F00BF00B00000F0000B0000000000000000000000000000000000FF,1,1,12,9,10,7,9,5,2,1,2,0,0,1,902.996,892.8259999999998,224
6,4,17,8,00BF0B00000B00F000B0B000000F00BF00B00000F0000B0000000000000000000000000000000000FF0,1,1,12,9,10,7,9,5,2,1,2,0,0,1,918.2339999999999,903.1269999999998,225
6,4,17,9,00BF0B00000B00F000B0B000000F00BF00B00000F0000B0000000000000000000000000000000000FF0F,1,1,12,9,10,8,9,6,2,1,2,0,0,1,931.3,914.1499999999999,228
6,4,17,9,00BF0B00000B00F000B0B000000F00BF00B00000F0000B0000000000000000000000000000000000FF0F0,1,1,13,9,10,8,9,6,2,1,2,0,0,1,936.136,918.5849999999998,229
6,4,17,9,00BF0B00000B00F000B0B000000F00BF00B00000F0000B0000000000000000000000000000000000FF0F00,1,1,13,9,11,8,10,6,2,1,2,0,0,1,951.2729999999999,933.1469999999998,232
6,4,17,10,00BF0B00000B00F000B0B000000F00BF00B00000F0000B0000000000000000000000000000000000FF0F00B,1,1,13,9,12,8,10,6,2,1,2,0,0,1,962.997,946.4319999999998,236
6,4,17,10,00BF0B00000B00F000B0B000000F00BF00B00000F0000B0000000000000000000000000000000000FF0F00B0,1,1,13,9,12,8,10,6,2,1,2,0,0,1,968.622,952.5429999999998,237
7,4,18,10,00BF0B00000B00F000B0B000000F00BF00B00000F0000B0000000000000000000000000000000000FF0F00B00,1,1,13,9,12,8,10,6,2,1,2,0,0,1,969.457,953.5329999999998,238
7,4,18,10,00BF0B00000B00F000B0B000000F00BF00B00000F0000B0000000000000000000000000000000000FF0F00B000,1,1,13,9,12,8,10,6,2,1,2,0,0,1,981.918,958.9949999999998,239
7,5,18,11,00BF0B00000B00F000B0B000000F00BF00B00000F0000B0000000000000000000000000000000000FF0F00B0000,1,1,13,9,12,8,10,6,2,1,2,0,0,1,983.001,959.9259999999998,240
7,5,18,11,00BF0B00000B00F000B0B000000F00BF00B00000F0000B0000000000000000000000000000000000FF0F00B00000,1,1,13,9,12,9,10,7,2,1,2,0,0,1,987.0079999999999,966.0059999999999,241
7,5,18,11,00BF0B00000B00F000B0B000000F00BF00B00000F0000B0000000000000000000000000000000000FF0F00B000000,1,1,13,9,12,10,10,8,2,1,2,0,0,1,1001.9899999999999,978.5439999999999,244
7,5,18,11,00BF0B00000B00F000B0B000000F00BF00B00000F0000B0000000000000000000000000000000000FF0F00B0000000,1,1,13,9,12,10,10,8,2,1,2,0,0,1,1007.6129999999999,982.5219999999998,245
7,5,18,11,00BF0B00000B00F000B0B000000F00BF00B00000F0000B0000000000000000000000000000000000FF0F00B00000000,1,1,13,9,12,10,10,8,2,1,2,0,0,1,1011.6149999999999,986.1769999999998,246
7,5,19,11,00BF0B00000B00F000B0B000000F00BF00B00000F0000B0000000000000000000000000000000000FF0F00B00000000F,1,1,13,9,12,10,10,8,2,1,2,0,0,1,1066.077,1038.4119999999998,261
7,5,19,11,00BF0B00000B00F000B0B000000F00BF00B00000F0000B0000000000000000000000000000000000FF0F00B00000000F0,1,1,13,9,13,10,11,8,2,1,2,0,0,1,1079.66,1048.9979999999998,264
7,5,19,11,00BF0B00000B00F000B0B000000F00BF00B00000F0000B0000000000000000000000000000000000FF0F00B00000000F00,1,1,13,9,13,10,11,8,2,1,2,0,0,1,1086.064,1056.1589999999999,265
7,6,19,12,00BF0B00000B00F000B0B000000F00BF00B00000F0000B0000000000000000000000000000000000FF0F00B00000000F000,1,1,13,9,13,10,11,8,2,1,2,0,0,1,1087.662,1057.244,266
7,6,19,12,00BF0B00000B00F000B0B000000F00BF00B00000F0000B0000000000000000000000000000000000FF0F00B00000000F0000,1,1,14,9,13,10,11,8,2,1,2,0,0,1,1100.394,1076.518,269
7,6,19,12,00BF0B00000B00F000B0B000000F00BF00B00000F0000B0000000000000000000000000000000000FF0F00B00000000F00000,1,1,14,9,13,10,11,8,2,1,2,0,0,1,1104.477,1080.397,270
7,6,19,12,00BF0B00000B00F000B0B000000F00BF00B00000F0000B0000000000000000000000000000000000FF0F00B00000000F000000,1,1,14,9,13,10,11,8,2,1,2,0,0,1,1111.634,1089.759,271
7,6,19,12,00BF0B00000B00F000B0B000000F00BF00B00000F0000B0000000000000000000000000000000000FF0F00B00000000F0000000,1,1,14,9,14,10,12,8,2,1,2,0,0,1,1141.527,1144.207,278
7,6,19,12,00BF0B00000B00F000B0B000000F00BF00B00000F0000B0000000000000000000000000000000000FF0F00B00000000F00000000,1,1,15,9,15,10,12,8,2,1,2,0,0,1,1156.6200000000001,1160.794,282
7,6,19,12,00BF0B00000B00F000B0B000000F00BF00B00000F0000B0000000000000000000000000000000000FF0F00B00000000F000000000,1,1,15,9,15,10,12,8,2,1,2,0,0,1,1169.8180000000002,1178.1370000000002,287
7,6,20,12,00BF0B00000B00F000B0B000000F00BF00B00000F0000B0000000000000000000000000000000000FF0F00B00000000F000000000F,1,1,15,9,16,10,13,8,2,1,2,0,0,1,1215.3390000000002,1219.477,300
8,6,21,12,00BF0B00000B00F000B0B000000F00BF00B00000F0000B0000000000000000000000000000000000FF0F00B00000000F000000000F0,1,1,15,9,16,10,13,8,2,1,2,0,0,1,1217.2120000000002,1222.144,301
8,7,21,13,00BF0B00000B00F000B0B000000F00BF00B00000F0000B0000000000000000000000000000000000FF0F00B00000000F000000000F00,1,1,15,9,16,10,13,8,2,1,2,0,0,1,1218.2460000000003,1223.165,302
8,7,21,13,00BF0B00000B00F000B0B000000F00BF00B00000F0000B0000000000000000000000000000000000FF0F00B00000000F000000000F000,1,1,15,9,16,10,13,8,2,1,2,0,0,1,1222.4970000000003,1227.338,303
8,7,22,13,00BF0B00000B00F000B0B000000F00BF00B00000F0000B0000000000000000000000000000000000FF0F00B00000000F000000000F000F,1,1,15,9,17,10,14,8,2,1,2,0,0,1,1240.1830000000002,1244.895,308
8,7,22,13,00BF0B00000B00F000B0B000000F00BF00B00000F0000B0000000000000000000000000000000000FF0F00B00000000F000000000F000F0,1,1,15,9,17,10,14,8,2,1,2,0,0,1,1257.8370000000002,1259.641,312
8,7,22,13,00BF0B00000B00F000B0B000000F00BF00B00000F0000B0000000000000000000000000000000000FF0F00B00000000F000000000F000F00,1,1,15,10,17,10,14,8,2,1,2,0,0,1,1284.5680000000002,1279.038,318
8,7,22,13,00BF0B00000B00F000B0B000000F00BF00B00000F0000B0000000000000000000000000000000000FF0F00B00000000F000000000F000F000,1,1,15,10,17,10,14,8,2,1,2,0,0,1,1322.4500000000003,1315.821,329
8,7,22,13,00BF0B00000B00F000B0B000000F00BF00B00000F0000B0000000000000000000000000000000000FF0F00B00000000F000000000F000F0000,1,1,15,10,17,10,14,8,2,1,2,0,0,1,1327.2470000000003,1322.0169999999998,330
8,7,22,14,00BF0B00000B00F000B0B000000F00BF00B00000F0000B0000000000000000000000000000000000FF0F00B00000000F000000000F000F0000B,1,1,15,10,17,10,14,8,2,1,2,0,0,1,1384.6430000000003,1357.1989999999998,337
8,7,23,14,00BF0B00000B00F000B0B000000F00BF00B00000F0000B0000000000000000000000000000000000FF0F00B00000000F000000000F000F0000BB,1,1,15,10,17,11,14,8,2,1,2,0,0,1,1413.7000000000003,1387.148,345
8,7,23,14,00BF0B00000B00F000B0B000000F00BF00B00000F0000B0000000000000000000000000000000000FF0F00B00000000F000000000F000F0000BB0,1,1,15,10,17,11,14,8,2,1,2,0,0,1,1420.1000000000004,1393.6709999999998,346
8,7,24,14,00BF0B00000B00F000B0B000000F00BF00B00000F0000B0000000000000000000000000000000000FF0F00B00000000F000000000F000F0000BB0F,1,1,15,10,18,11,15,8,2,1,2,0,0,1,1428.3910000000003,1403.793,349
8,7,24,15,00BF0B00000B00F000B0B000000F00BF00B00000F0000B0000000000000000000000000000000000FF0F00B00000000F000000000F000F0000BB0FF,1,1,15,10,18,12,15,9,2,1,2,0,0,1,1458.4310000000003,1435.423,359
8,7,24,15,00BF0B00000B00F000B0B000000F00BF00B00000F0000B0000000000000000000000000000000000FF0F00B00000000F000000000F000F0000BB0FF0,1,1,15,10,18,12,15,9,2,1,2,0,0,1,1462.0000000000002,1440.537,360
8,7,24,15,00BF0B00000B00F000B0B000000F00BF00B00000F0000B0000000000000000000000000000000000FF0F00B00000000F000000000F000F0000BB0FF00,1,1,15,11,19,12,16,9,2,1,2,0,0,1,1478.5360000000003,1453.356,363
8,7,24,15,00BF0B00000B00F000B0B000000F00BF00B00000F0000B0000000000000000000000000000000000FF0F00B00000000F000000000F000F0000BB0FF000,1,1,15,11,19,12,16,9,2,1,2,0,0,1,1483.3830000000003,1457.765,364
8,7,24,15,00BF0B00000B00F000B0B000000F00BF00B00000F0000B0000000000000000000000000000000000FF0F00B00000000F000000000F000F0000BB0FF0000,1,1,15,11,19,13,16,10,2,1,2,0,0,1,1489.9480000000003,1465.663,365
8,7,24,15,00BF0B00000B00F000B0B000000F00BF00B00000F0000B0000000000000000000000000000000000FF0F00B00000000F000000000F000F0000BB0FF00000,1,1,15,11,19,13,16,10,2,1,2,0,0,1,1503.3270000000002,1474.927,366
8,7,24,15,00BF0B00000B00F000B0B000000F00BF00B00000F0000B0000000000000000000000000000000000FF0F00B00000000F000000000F000F0000BB0FF000000,1,1,15,11,19,14,16,10,2,1,2,0,0,1,1510.2300000000002,1482.9859999999999,368
8,7,24,15,00BF0B00000B00F000B0B000000F00BF00B00000F0000B0000000000000000000000000000000000FF0F00B00000000F000000000F000F0000BB0FF0000000,1,1,16,11,19,14,16,10,2,1,2,0,0,1,1519.6650000000002,1493.0959999999998,371
8,7,24,15,00BF0B00000B00F000B0B000000F00BF00B00000F0000B0000000000000000000000000000000000FF0F00B00000000F000000000F000F0000BB0FF00000000,1,1,17,11,19,14,16,10,2,1,2,0,0,1,1547.3630000000003,1526.5589999999997,379
8,7,24,15,00BF0B00000B00F000B0B000000F00BF00B00000F0000B0000000000000000000000000000000000FF0F00B00000000F000000000F000F0000BB0FF000000000,1,1,17,11,20,14,17,10,2,1,2,0,0,1,1557.0110000000002,1537.1059999999998,382
8,7,24,15,00BF0B00000B00F000B0B000000F00BF00B00000F0000B0000000000000000000000000000000000FF0F00B00000000F000000000F000F0000BB0FF0000000000,1,1,18,11,20,14,17,10,2,1,2,0,0,1,1590.9500000000003,1571.7329999999997,392
8,7,25,15,00BF0B00000B00F000B0B000000F00BF00B00000F0000B0000000000000000000000000000000000FF0F00B00000000F000000000F000F0000BB0FF0000000000B,1,1,18,11,21,14,18,10,2,1,2,0,0,1,1605.5020000000002,1583.5419999999997,395
8,7,25,15,00BF0B00000B00F000B0B000000F00BF00B00000F0000B0000000000000000000000000000000000FF0F00B00000000F000000000F000F0000BB0FF0000000000B0,1,1,18,11,21,14,18,10,2,1,2,0,0,1,1632.5500000000002,1608.2089999999996,401
8,7,25,15,00BF0B00000B00F000B0B000000F00BF00B00000F0000B0000000000000000000000000000000000FF0F00B00000000F000000000F000F0000BB0FF0000000000B00,1,1,18,11,21,14,18,10,2,2,2,1,0,1,1650.7570000000003,1623.5889999999997,405
8,7,25,15,00BF0B00000B00F000B0B000000F00BF00B00000F0000B0000000000000000000000000000000000FF0F00B00000000F000000000F000F0000BB0FF0000000000B000,1,1,18,11,21,14,18,10,2,2,2,1,0,1,1655.4090000000003,1627.4669999999996,406
8,7,25,15,00BF0B00000B00F000B0B000000F00BF00B00000F0000B0000000000000000000000000000000000FF0F00B00000000F000000000F000F0000BB0FF0000000000B0000,1,1,18,11,21,14,18,10,2,2,2,1,0,1,1662.2370000000003,1634.1709999999996,408
8,7,25,15,00BF0B00000B00F000B0B000000F00BF00B00000F0000B0000000000000000000000000000000000FF0F00B00000000F000000000F000F0000BB0FF0000000000B00000,1,2,18,12,21,14,18,10,2,2,2,1,0,1,1663.5960000000002,1635.3049999999996,408
8,7,25,15,00BF0B00000B00F000B0B000000F00BF00B00000F0000B0000000000000000000000000000000000FF0F00B00000000F000000000F000F0000BB0FF0000000000B000000,1,2,18,12,21,14,18,10,2,2,2,1,0,1,1687.9360000000001,1652.6059999999995,412
8,7,25,15,00BF0B00000B00F000B0B000000F00BF00B00000F0000B0000000000000000000000000000000000FF0F00B00000000F000000000F000F0000BB0FF0000000000B0000000,1,2,18,12,21,15,18,10,3,2,3,1,0,1,1712.065,1671.2969999999996,416
8,7,25,15,00BF0B00000B00F000B0B000000F00BF00B00000F0000B0000000000000000000000000000000000FF0F00B00000000F000000000F000F0000BB0FF0000000000B00000000,1,2,18,12,21,15,18,10,3,2,3,1,0,1,1714.864,1675.3129999999996,417
8,7,25,15,00BF0B00000B00F000B0B000000F00BF00B00000F0000B0000000000000000000000000000000000FF0F00B00000000F000000000F000F0000BB0FF0000000000B000000000,1,2,18,13,21,16,18,10,3,2,3,1,0,1,1732.211,1692.6469999999997,420
8,7,25,15,00BF0B00000B00F000B0B000000F00BF00B00000F0000B0000000000000000000000000000000000FF0F00B00000000F000000000F000F0000BB0FF0000000000B0000000000,1,2,18,14,21,16,18,10,3,2,3,1,0,1,1737.079,1702.3869999999997,421
8,7,25,15,00BF0B00000B00F000B0B000000F00BF00B00000F0000B0000000000000000000000000000000000FF0F00B00000000F000000000F000F0000BB0FF0000000000B00000000000,1,2,18,15,21,16,18,10,3,2,3,1,0,1,1744.642,1711.6119999999996,424
8,7,25,15,00BF0B00000B00F000B0B000000F00BF00B00000F0000B0000000000000000000000000000000000FF0F00B00000000F000000000F000F0000BB0FF0000000000B000000000000,1,2,18,15,21,16,18,10,3,2,3,1,0,1,1762.134,1728.7569999999996,429
8,7,25,15,00BF0B00000B00F000B0B000000F00BF00B00000F0000B0000000000000000000000000000000000FF0F00B00000000F000000000F000F0000BB0FF0000000000B0000000000000,1,2,18,15,21,16,18,10,3,2,3,1,0,1,1772.248,1737.8879999999997,430
8,7,25,15,00BF0B00000B00F000B0B000000F00BF00B00000F0000B0000000000000000000000000000000000FF0F00B00000000F000000000F000F0000BB0FF0000000000B00000000000000,1,2,19,15,21,16,18,10,3,2,3,1,0,1,1776.476,1741.8509999999997,431
8,7,26,15,00BF0B00000B00F000B0B000000F00BF00B00000F0000B0000000000000000000000000000000000FF0F00B00000000F000000000F000F0000BB0FF0000000000B00000000000000F,1,2,19,15,21,16,18,10,3,2,3,1,0,1,1780.795,1745.7519999999997,433
8,7,26,15,00BF0B00000B00F000B0B000000F00BF00B00000F0000B0000000000000000000000000000000000FF0F00B00000000F000000000F000F0000BB0FF0000000000B00000000000000F0,1,2,19,15,21,16,18,10,3,2,3,1,0,1,1786.374,1750.1769999999997,434
8,7,26,15,00BF0B00000B00F000B0B000000F00BF00B00000F0000B0000000000000000000000000000000000FF0F00B00000000F000000000F000F0000BB0FF0000000000B00000000000000F00,1,2,19,15,21,16,18,10,3,2,3,1,0,1,1791.063,1755.6439999999998,435
8,7,27,15,00BF0B00000B00F000B0B000000F00BF00B00000F0000B0000000000000000000000000000000000FF0F00B00000000F000000000F000F0000BB0FF0000000000B00000000000000F00B,1,2,19,15,21,16,18,10,3,2,3,1,0,1,1796.1860000000001,1762.9559999999997,438
8,7,27,15,00BF0B00000B00F000B0B000000F00BF00B00000F0000B0000000000000000000000000000000000FF0F00B00000000F000000000F000F0000BB0FF0000000000B00000000000000F00B0,1,2,19,16,21,16,18,10,3,2,3,1,0,1,1802.5230000000001,1767.9329999999998,439
8,7,28,15,00BF0B00000B00F000B0B000000F00BF00B00000F0000B0000000000000000000000000000000000FF0F00B00000000F000000000F000F0000BB0FF0000000000B00000000000000F00B0F,1,2,19,16,21,16,18,10,3,2,3,1,0,1,1809.7150000000001,1778.0399999999997,442
8,7,28,15,00BF0B00000B00F000B0B000000F00BF00B00000F0000B0000000000000000000000000000000000FF0F00B00000000F000000000F000F0000BB0FF0000000000B00000000000000F00B0F0,1,2,19,16,21,16,18,10,3,2,3,1,0,1,1813.669,1782.7419999999997,443
8,7,29,15,00BF0B00000B00F000B0B000000F00BF00B00000F0000B0000000000000000000000000000000000FF0F00B00000000F000000000F000F0000BB0FF0000000000B00000000000000F00B0F0F,1,2,19,16,22,16,19,10,3,2,3,1,0,1,1843.0620000000001,1809.3579999999997,451
8,7,29,16,00BF0B00000B00F000B0B000000F00BF00B00000F0000B0000000000000000000000000000000000FF0F00B00000000F000000000F000F0000BB0FF0000000000B00000000000000F00B0F0FB,1,2,19,16,22,16,19,10,3,2,3,1,0,1,1852.2160000000001,1817.4439999999997,454
8,7,29,16,00BF0B00000B00F000B0B000000F00BF00B00000F0000B0000000000000000000000000000000000FF0F00B00000000F000000000F000F0000BB0FF0000000000B00000000000000F00B0F0FB0,1,2,19,16,22,16,19,10,3,2,3,1,0,1,1874.458,1837.3079999999998,461
8,7,29,17,00BF0B00000B00F000B0B000000F00BF00B00000F0000B0000000000000000000000000000000000FF0F00B00000000F000000000F000F0000BB0FF0000000000B00000000000000F00B0F0FB0F,1,2,19,16,22,16,19,10,3,2,3,1,0,1,1889.183,1850.6939999999997,464
8,7,29,17,00BF0B00000B00F000B0B000000F00BF00B00000F0000B0000000000000000000000000000000000FF0F00B00000000F000000000F000F0000BB0FF0000000000B00000000000000F00B0F0FB0F0,1,2,19,16,23,16,20,10,3,2,3,1,0,1,1899.741,1866.7439999999997,467
8,7,30,17,00BF0B00000B00F000B0B000000F00BF00B00000F0000B0000000000000000000000000000000000FF0F00B00000000F000000000F000F0000BB0FF0000000000B00000000000000F00B0F0FB0F0F,1,2,19,16,24,16,21,10,3,2,3,1,0,1,1915.415,1882.1509999999996,472
9,7,31,17,00BF0B00000B00F000B0B000000F00BF00B00000F0000B0000000000000000000000000000000000FF0F00B00000000F000000000F000F0000BB0FF0000000000B00000000000000F00B0F0FB0F0F0,1,2,19,16,24,16,21,10,3,2,3,1,0,1,1916.222,1883.0909999999997,473
9,7,32,17,00BF0B00000B00F000B0B000000F00BF00B00000F0000B0000000000000000000000000000000000FF0F00B00000000F000000000F000F0000BB0FF0000000000B00000000000000F00B0F0FB0F0F0B,1,2,19,16,24,17,21,10,3,2,3,1,0,1,1921.602,1893.1029999999996,476
9,7,32,17,00BF0B00000B00F000B0B000000F00BF00B00000F0000B0000000000000000000000000000000000FF0F00B00000000F000000000F000F0000BB0FF0000000000B00000000000000F00B0F0FB0F0F0B0,1,2,19,16,24,17,21,10,3,2,3,1,0,1,1926.585,1898.8239999999996,477
9,7,32,17,00BF0B00000B00F000B0B000000F00BF00B00000F0000B0000000000000000000000000000000000FF0F00B00000000F000000000F000F0000BB0FF0000000000B00000000000000F00B0F0FB0F0F0B00,1,2,19,16,24,17,21,10,3,2,3,1,0,1,1934.236,1904.8999999999996,478
9,7,32,17,00BF0B00000B00F000B0B000000F00BF00B00000F0000B0000000000000000000000000000000000FF0F00B00000000F000000000F000F0000BB0FF0000000000B00000000000000F00B0F0FB0F0F0B000,1,2,19,16,24,17,21,10,3,2,3,1,0,1,1939.0590000000002,1910.2539999999997,479
9,7,32,17,00BF0B00000B00F000B0B000000F00BF00B00000F0000B0000000000000000000000000000000000FF0F00B00000000F000000000F000F0000BB0FF0000000000B00000000000000F00B0F0FB0F0F0B0000,1,2,19,16,24,17,21,10,3,2,3,1,0,1,1947.3500000000001,1917.1619999999996,480
9,7,32,17,00BF0B00000B00F000B0B000000F00BF00B00000F0000B0000000000000000000000000000000000FF0F00B00000000F000000000F000F0000BB0FF0000000000B00000000000000F00B0F0FB0F0F0B00000,1,2,19,16,25,17,22,10,3,2,3,1,0,1,1963.4070000000002,1931.6589999999997,483
9,7,32,17,00BF0B00000B00F000B0B000000F00BF00B00000F0000B0000000000000000000000000000000000FF0F00B00000000F000000000F000F0000BB0FF0000000000B00000000000000F00B0F0FB0F0F0B000000,1,2,19,17,25,17,22,10,3,2,3,1,0,1,2021.7740000000001,1997.3089999999997,500
10,7,33,17,00BF0B00000B00F000B0B000000F00BF00B00000F0000B0000000000000000000000000000000000FF0F00B00000000F000000000F000F0000BB0FF0000000000B00000000000000F00B0F0FB0F0F0B0000000,1,2,19,17,25,17,22,10,3,2,3,1,0,1,2022.477,1998.2359999999996,501
10,7,33,18,00BF0B00000B00F000B0B000000F00BF00B00000F0000B0000000000000000000000000000000000FF0F00B00000000F000000000F000F0000BB0FF0000000000B00000000000000F00B0F0FB0F0F0B0000000F,1,2,19,17,25,17,22,10,3,2,3,1,0,1,2033.412,2007.6179999999997,505
10,7,33,18,00BF0B00000B00F000B0B000000F00BF00B00000F0000B0000000000000000000000000000000000FF0F00B00000000F000000000F000F0000BB0FF0000000000B00000000000000F00B0F0FB0F0F0B0000000F0,1,2,20,17,26,17,22,10,3,2,3,1,0,1,2040.634,2018.5639999999996,507
10,7,34,18,00BF0B00000B00F000B0B000000F00BF00B00000F0000B0000000000000000000000000000000000FF0F00B00000000F000000000F000F0000BB0FF0000000000B00000000000000F00B0F0FB0F0F0B0000000F0F,1,2,20,17,26,17,22,10,3,2,3,1,0,1,2047.839,2028.3149999999996,510
10,8,34,19,00BF0B00000B00F000B0B000000F00BF00B00000F0000B0000000000000000000000000000000000FF0F00B00000000F000000000F000F0000BB0FF0000000000B00000000000000F00B0F0FB0F0F0B0000000F0F0,1,2,20,17,26,17,22,10,3,2,3,1,0,1,2048.583,2029.4739999999997,511
10,8,34,19,00BF0B00000B00F000B0B000000F00BF00B00000F0000B0000000000000000000000000000000000FF0F00B00000000F000000000F000F0000BB0FF0000000000B00000000000000F00B0F0FB0F0F0B0000000F0F00,1,2,20,17,26,17,22,10,3,2,3,1,0,1,2056.176,2037.0929999999996,513
10,8,34,19,00BF0B00000B00F000B0B000000F00BF00B00000F0000B0000000000000000000000000000000000FF0F00B00000000F000000000F000F0000BB0FF0000000000B00000000000000F00B0F0FB0F0F0B0000000F0F000,1,2,20,18,26,17,22,10,3,2,3,1,0,1,2078.406,2053.8419999999996,517
10,8,34,19,00BF0B00000B00F000B0B000000F00BF00B00000F0000B0000000000000000000000000000000000FF0F00B00000000F000000000F000F0000BB0FF0000000000B00000000000000F00B0F0FB0F0F0B0000000F0F0000,1,2,21,18,26,17,22,10,3,2,3,1,0,1,2097.857,2069.8619999999996,520
10,8,34,19,00BF0B00000B00F000B0B000000F00BF00B00000F0000B0000000000000000000000000000000000FF0F00B00000000F000000000F000F0000BB0FF0000000000B00000000000000F00B0F0FB0F0F0B0000000F0F00000,1,2,22,18,27,17,22,10,3,2,3,1,0,1,2111.413,2080.8199999999997,523
10,8,34,19,00BF0B00000B00F000B0B000000F00BF00B00000F0000B0000000000000000000000000000000000FF0F00B00000000F000000000F000F0000BB0FF0000000000B00000000000000F00B0F0FB0F0F0B0000000F0F000000,1,2,22,18,27,17,22,10,3,2,3,1,0,1,2114.475,2083.1369999999997,524
10,8,34,19,00BF0B00000B00F000B0B000000F00BF00B00000F0000B0000000000000000000000000000000000FF0F00B00000000F000000000F000F0000BB0FF0000000000B00000000000000F00B0F0FB0F0F0B0000000F0F0000000,1,2,22,18,27,17,22,10,3,2,3,1,0,1,2118.303,2087.0389999999998,525
10,8,34,19,00BF0B00000B00F000B0B000000F00BF00B00000F0000B0000000000000000000000000000000000FF0F00B00000000F000000000F000F0000BB0FF0000000000B00000000000000F00B0F0FB0F0F0B0000000F0F00000000,1,2,22,18,27,18,22,11,3,2,3,1,0,1,2133.14,2098.638,528
10,8,34,19,00BF0B00000B00F000B0B000000F00BF00B00000F0000B0000000000000000000000000000000000FF0F00B00000000F000000000F000F0000BB0FF0000000000B00000000000000F00B0F0FB0F0F0B0000000F0F000000000,1,3,22,19,27,18,22,11,3,2,3,1,0,1,2138.2619999999997,2103.357,528
10,8,34,19,00BF0B00000B00F000B0B000000F00BF00B00000F0000B0000000000000000000000000000000000FF0F00B00000000F000000000F000F0000BB0FF0000000000B00000000000000F00B0F0FB0F0F0B0000000F0F0000000000,1,3,22,19,27,18,22,11,3,2,3,1,0,1,2153.651,2117.696,531
11,8,35,19,00BF0B00000B00F000B0B000000F00BF00B00000F0000B0000000000000000000000000000000000FF0F00B00000000F000000000F000F0000BB0FF0000000000B00000000000000F00B0F0FB0F0F0B0000000F0F00000000000,1,3,22,19,27,18,22,11,3,2,3,1,0,1,2154.321,2118.612,532
11,8,35,19,00BF0B00000B00F000B0B000000F00BF00B00000F0000B0000000000000000000000000000000000FF0F00B00000000F000000000F000F0000BB0FF0000000000B00000000000000F00B0F0FB0F0F0B0000000F0F000000000000,1,3,23,19,27,18,22,11,3,2,3,1,0,1,2166.144,2127.3450000000003,535
11,9,35,20,00BF0B00000B00F000B0B000000F00BF00B00000F0000B0000000000000000000000000000000000FF0F00B00000000F000000000F000F0000BB0FF0000000000B00000000000000F00B0F0FB0F0F0B0000000F0F0000000000000,1,3,23,19,27,18,22,11,3,2,3,1,0,1,2167.325,2128.777,536
11,9,36,20,00BF0B00000B00F000B0B000000F00BF00B00000F0000B0000000000000000000000000000000000FF0F00B00000000F000000000F000F0000BB0FF0000000000B00000000000000F00B0F0FB0F0F0B0000000F0F0000000000000F,1,3,23,19,27,18,22,11,3,2,3,1,0,1,2175.524,2139.131,539
11,9,36,21,00BF0B00000B00F000B0B000000F00BF00B00000F0000B0000000000000000000000000000000000FF0F00B00000000F000000000F000F0000BB0FF0000000000B00000000000000F00B0F0FB0F0F0B0000000F0F0000000000000FF,1,3,23,19,27,19,22,12,3,2,3,1,0,1,2231.997,2190.962,553
11,9,36,22,00BF0B00000B00F000B0B000000F00BF00B00000F0000B0000000000000000000000000000000000FF0F00B00000000F000000000F000F0000BB0FF0000000000B00000000000000F00B0F0FB0F0F0B0000000F0F0000000000000FFF,1,3,23,19,27,19,22,12,3,2,3,1,0,1,2255.306,2206.741,558
11,9,36,22,00BF0B00000B00F000B0B000000F00BF00B00000F0000B0000000000000000000000000000000000FF0F00B00000000F000000000F000F0000BB0FF0000000000B00000000000000F00B0F0FB0F0F0B0000000F0F0000000000000FFF0,1,3,23,19,27,20,22,13,3,2,3,1,0,1,2260.98,2213.523,559
11,9,36,22,00BF0B00000B00F000B0B000000F00BF00B00000F0000B0000000000000000000000000000000000FF0F00B00000000F000000000F000F0000BB0FF0000000000B00000000000000F00B0F0FB0F0F0B0000000F0F0000000000000FFF00,2,3,24,19,27,20,22,13,3,2,3,1,0,1,2265.992,2216.164,559
11,9,36,22,00BF0B00000B00F000B0B000000F00BF00B00000F0000B0000000000000000000000000000000000FF0F00B00000000F000000000F000F0000BB0FF0000000000B00000000000000F00B0F0FB0F0F0B0000000F0F0000000000000FFF000,2,3,25,19,27,20,22,13,3,2,3,1,0,1,2276.344,2225.8590000000004,562
11,9,37,22,00BF0B00000B00F000B0B000000F00BF00B00000F0000B0000000000000000000000000000000000FF0F00B00000000F000000000F000F0000BB0FF0000000000B00000000000000F00B0F0FB0F0F0B0000000F0F0000000000000FFF000B,2,3,25,19,27,21,22,13,3,2,3,1,0,1,2282.043,2233.5830000000005,564
11,9,37,22,00BF0B00000B00F000B0B000000F00BF00B00000F0000B0000000000000000000000000000000000FF0F00B00000000F000000000F000F0000BB0FF0000000000B00000000000000F00B0F0FB0F0F0B0000000F0F0000000000000FFF000B0,2,3,25,19,27,21,22,13,3,2,3,1,0,1,2301.275,2251.3300000000004,569
11,9,37,22,00BF0B00000B00F000B0B000000F00BF00B00000F0000B0000000000000000000000000000000000FF0F00B00000000F000000000F000F0000BB0FF0000000000B00000000000000F00B0F0FB0F0F0B0000000F0F0000000000000FFF000B00,2,3,25,19,27,21,22,13,3,2,3,1,0,1,2310.1240000000003,2260.3920000000003,570
11,9,37,22,00BF0B00000B00F000B0B000000F00BF00B00000F0000B0000000000000000000000000000000000FF0F00B00000000F000000000F000F0000BB0FF0000000000B00000000000000F00B0F0FB0F0F0B0000000F0F0000000000000FFF000B000,2,3,25,19,27,21,22,13,3,2,3,1,0,1,2315.2030000000004,2263.4240000000004,571
11,9,37,22,00BF0B00000B00F000B0B000000F00BF00B00000F0000B0000000000000000000000000000000000FF0F00B00000000F000000000F000F0000BB0FF0000000000B00000000000000F00B0F0FB0F0F0B0000000F0F0000000000000FFF000B0000,2,3,25,19,27,21,22,13,3,2,3,1,0,1,2319.8430000000003,2268.6590000000006,572
11,9,37,22,00BF0B00000B00F000B0B000000F00BF00B00000F0000B0000000000000000000000000000000000FF0F00B00000000F000000000F000F0000BB0FF0000000000B00000000000000F00B0F0FB0F0F0B0000000F0F0000000000000FFF000B00000,2,3,25,19,28,21,23,13,3,2,3,1,0,1,2331.5420000000004,2286.6530000000007,575
11,9,37,22,00BF0B00000B00F000B0B000000F00BF00B00000F0000B0000000000000000000000000000000000FF0F00B00000000F000000000F000F0000BB0FF0000000000B00000000000000F00B0F0FB0F0F0B0000000F0F0000000000000FFF000B000000,2,3,26,19,28,21,23,13,3,2,3,1,0,1,2349.3640000000005,2302.754000000001,579
11,9,37,22,00BF0B00000B00F000B0B000000F00BF00B00000F0000B0000000000000000000000000000000000FF0F00B00000000F000000000F000F0000BB0FF0000000000B00000000000000F00B0F0FB0F0F0B0000000F0F0000000000000FFF000B0000000,2,3,26,19,28,21,23,13,3,2,3,1,0,1,2360.6010000000006,2315.795000000001,582
12,9,38,22,00BF0B00000B00F000B0B000000F00BF00B00000F0000B0000000000000000000000000000000000FF0F00B00000000F000000000F000F0000BB0FF0000000000B00000000000000F00B0F0FB0F0F0B0000000F0F0000000000000FFF000B00000000,2,3,26,19,28,21,23,13,3,2,3,1,0,1,2361.7920000000004,2317.300000000001,583
12,9,38,22,00BF0B00000B00F000B0B000000F00BF00B00000F0000B0000000000000000000000000000000000FF0F00B00000000F000000000F000F0000BB0FF0000000000B00000000000000F00B0F0FB0F0F0B0000000F0F0000000000000FFF000B000000000,2,3,26,19,28,21,23,13,3,2,3,1,0,1,2366.436,2320.622000000001,584
12,9,38,22,00BF0B00000B00F000B0B000000F00BF00B00000F0000B0000000000000000000000000000000000FF0F00B00000000F000000000F000F0000BB0FF0000000000B00000000000000F00B0F0FB0F0F0B0000000F0F0000000000000FFF000B0000000000,2,3,26,19,28,22,23,14,3,2,3,1,0,1,2374.746,2334.952000000001,587
12,9,38,22,00BF0B00000B00F000B0B000000F00BF00B00000F0000B0000000000000000000000000000000000FF0F00B00000000F000000000F000F0000BB0FF0000000000B00000000000000F00B0F0FB0F0F0B0000000F0F0000000000000FFF000B00000000000,2,3,26,19,28,23,23,15,3,2,3,1,0,1,2379.522,2340.459000000001,588
12,9,39,22,00BF0B00000B00F000B0B000000F00BF00B00000F0000B0000000000000000000000000000000000FF0F00B00000000F000000000F000F0000BB0FF0000000000B00000000000000F00B0F0FB0F0F0B0000000F0F0000000000000FFF000B00000000000F,2,3,26,19,28,23,23,15,3,2,3,1,0,1,2408.488,2361.958000000001,594
12,9,39,22,00BF0B00000B00F000B0B000000F00BF00B00000F0000B0000000000000000000000000000000000FF0F00B00000000F000000000F000F0000BB0FF0000000000B00000000000000F00B0F0FB0F0F0B0000000F0F0000000000000FFF000B00000000000F0,2,3,26,19,28,23,23,15,3,2,3,1,0,1,2416.3959999999997,2369.502000000001,595
12,9,39,22,00BF0B00000B00F000B0B000000F00BF00B00000F0000B0000000000000000000000000000000000FF0F00B00000000F000000000F000F0000BB0FF0000000000B00000000000000F00B0F0FB0F0F0B0000000F0F0000000000000FFF000B00000000000F00,2,3,26,19,28,23,23,15,3,2,3,1,0,1,2427.955,2398.620000000001,599
12,9,39,23,00BF0B00000B00F000B0B000000F00BF00B00000F0000B0000000000000000000000000000000000FF0F00B00000000F000000000F000F0000BB0FF0000000000B00000000000000F00B0F0FB0F0F0B0000000F0F0000000000000FFF000B00000000000F00F,2,3,26,19,29,23,23,15,3,2,3,1,0,1,2440.0009999999997,2413.900000000001,603
12,9,39,23,00BF0B00000B00F000B0B000000F00BF00B00000F0000B0000000000000000000000000000000000FF0F00B00000000F000000000F000F0000BB0FF0000000000B00000000000000F00B0F0FB0F0F0B0000000F0F0000000000000FFF000B00000000000F00F0,3,3,27,19,29,23,23,15,3,2,3,1,0,1,2441.173,2414.157000000001,603
12,9,39,23,00BF0B00000B00F000B0B000000F00BF00B00000F0000B0000000000000000000000000000000000FF0F00B00000000F000000000F000F0000BB0FF0000000000B00000000000000F00B0F0FB0F0F0B0000000F0F0000000000000FFF000B00000000000F00F00,3,3,27,19,29,23,23,15,3,3,3,1,0,2,2446.3889999999997,2421.526000000001,604
12,9,39,23,00BF0B00000B00F000B0B000000F00BF00B00000F0000B0000000000000000000000000000000000FF0F00B00000000F000000000F000F0000BB0FF0000000000B00000000000000F00B0F0FB0F0F0B0000000F0F0000000000000FFF000B00000000000F00F000,3,3,27,20,29,23,23,15,3,4,3,1,0,3,2456.0159999999996,2430.744000000001,607
12,9,39,23,00BF0B00000B00F000B0B000000F00BF00B00000F0000B0000000000000000000000000000000000FF0F00B00000000F000000000F000F0000BB0FF0000000000B00000000000000F00B0F0FB0F0F0B0000000F0F0000000000000FFF000B00000000000F00F0000,3,3,27,20,29,23,23,15,3,5,3,1,0,4,2473.7989999999995,2439.7940000000012,610
12,9,39,23,00BF0B00000B00F000B0B000000F00BF00B00000F0000B0000000000000000000000000000000000FF0F00B00000000F000000000F000F0000BB0FF0000000000B00000000000000F00B0F0FB0F0F0B0000000F0F0000000000000FFF000B00000000000F00F00000,3,3,27,21,30,23,24,15,3,5,3,1,0,4,2492.4079999999994,2458.0600000000013,613
12,9,40,23,00BF0B00000B00F000B0B000000F00BF00B00000F0000B0000000000000000000000000000000000FF0F00B00000000F000000000F000F0000BB0FF0000000000B00000000000000F00B0F0FB0F0F0B0000000F0F0000000000000FFF000B00000000000F00F00000F,3,3,27,21,30,24,24,15,3,5,3,1,0,4,2519.1609999999996,2487.0530000000012,620
12,9,40,23,00BF0B00000B00F000B0B000000F00BF00B00000F0000B0000000000000000000000000000000000FF0F00B00000000F000000000F000F0000BB0FF0000000000B00000000000000F00B0F0FB0F0F0B0000000F0F0000000000000FFF000B00000000000F00F00000F0,3,3,27,21,30,25,24,15,3,5,3,1,0,4,2535.316,2506.6430000000014,624
12,9,40,23,00BF0B00000B00F000B0B000000F00BF00B00000F0000B0000000000000000000000000000000000FF0F00B00000000F000000000F000F0000BB0FF0000000000B00000000000000F00B0F0FB0F0F0B0000000F0F0000000000000FFF000B00000000000F00F00000F00,3,3,27,21,30,25,24,15,3,5,3,1,0,4,2547.053,2516.468000000001,627
12,9,41,23,00BF0B00000B00F000B0B000000F00BF00B00000F0000B0000000000000000000000000000000000FF0F00B00000000F000000000F000F0000BB0FF0000000000B00000000000000F00B0F0FB0F0F0B0000000F0F0000000000000FFF000B00000000000F00F00000F00B,3,3,27,21,30,26,24,15,3,5,3,1,0,4,2563.9249999999997,2531.242000000001,631
12,9,41,23,00BF0B00000B00F000B0B000000F00BF00B00000F0000B0000000000000000000000000000000000FF0F00B00000000F000000000F000F0000BB0FF0000000000B00000000000000F00B0F0FB0F0F0B0000000F0F0000000000000FFF000B00000000000F00F00000F00B0,3,3,28,21,30,26,24,15,3,5,3,1,0,4,2598.274,2557.3990000000013,638
12,9,41,23,00BF0B00000B00F000B0B000000F00BF00B00000F0000B0000000000000000000000000000000000FF0F00B00000000F000000000F000F0000BB0FF0000000000B00000000000000F00B0F0FB0F0F0B0000000F0F0000000000000FFF000B00000000000F00F00000F00B00,3,3,28,21,30,26,24,15,3,5,3,1,0,4,2599.214,2558.6850000000013,639
12,9,41,23,00BF0B00000B00F000B0B000000F00BF00B00000F0000B0000000000000000000000000000000000FF0F00B00000000F000000000F000F0000BB0FF0000000000B00000000000000F00B0F0FB0F0F0B0000000F0F0000000000000FFF000B00000000000F00F00000F00B000,3,3,28,21,30,26,24,15,3,5,3,1,0,4,2614.7599999999998,2575.2590000000014,643
12,9,41,23,00BF0B00000B00F000B0B000000F00BF00B00000F0000B0000000000000000000000000000000000FF0F00B00000000F000000000F000F0000BB0FF0000000000B00000000000000F00B0F0FB0F0F0B0000000F0F0000000000000FFF000B00000000000F00F00000F00B0000,3,3,28,22,30,27,24,15,3,5,3,1,0,4,2632.33,2595.5680000000016,645
12,9,41,23,00BF0B00000B00F000B0B000000F00BF00B00000F0000B0000000000000000000000000000000000FF0F00B00000000F000000000F000F0000BB0FF0000000000B00000000000000F00B0F0FB0F0F0B0000000F0F0000000000000FFF000B00000000000F00F00000F00B00000,3,3,29,22,31,27,24,15,4,5,3,1,1,4,2660.072,2621.9700000000016,650
12,9,41,23,00BF0B00000B00F000B0B000000F00BF00B00000F0000B0000000000000000000000000000000000FF0F00B00000000F000000000F000F0000BB0FF0000000000B00000000000000F00B0F0FB0F0F0B0000000F0F0000000000000FFF000B00000000000F00F00000F00B000000,3,3,29,22,31,27,24,15,4,5,3,1,1,4,2665.55,2627.2310000000016,651
12,9,42,23,00BF0B00000B00F000B0B000000F00BF00B00000F0000B0000000000000000000000000000000000FF0F00B00000000F000000000F000F0000BB0FF0000000000B00000000000000F00B0F0FB0F0F0B0000000F0F0000000000000FFF000B00000000000F00F00000F00B000000F,3,3,29,22,31,27,24,15,4,5,3,1,1,4,2678.396,2638.2430000000018,655
12,9,42,23,00BF0B00000B00F000B0B000000F00BF00B00000F0000B0000000000000000000000000000000000FF0F00B00000000F000000000F000F0000BB0FF0000000000B00000000000000F00B0F0FB0F0F0B0000000F0F0000000000000FFF000B00000000000F00F00000F00B000000F0,3,3,29,22,31,27,24,15,4,5,3,1,1,4,2684.9790000000003,2643.7620000000015,656
12,9,42,24,00BF0B00000B00F000B0B000000F00BF00B00000F0000B0000000000000000000000000000000000FF0F00B00000000F000000000F000F0000BB0FF0000000000B00000000000000F00B0F0FB0F0F0B0000000F0F0000000000000FFF000B00000000000F00F00000F00B000000F0F,3,3,29,22,31,28,24,16,4,5,3,1,1,4,2693.5690000000004,2652.0580000000014,659
12,9,43,24,00BF0B00000B00F000B0B000000F00BF00B00000F0000B0000000000000000000000000000000000FF0F00B00000000F000000000F000F0000BB0FF0000000000B00000000000000F00B0F0FB0F0F0B0000000F0F0000000000000FFF000B00000000000F00F00000F00B000000F0FF,3,3,29,22,32,28,25,16,4,5,3,1,1,4,2715.1660000000006,2667.9750000000013,664
12,9,43,24,00BF0B00000B00F000B0B000000F00BF00B00000F0000B0000000000000000000000000000000000FF0F00B00000000F000000000F000F0000BB0FF0000000000B00000000000000F00B0F0FB0F0F0B0000000F0F0000000000000FFF000B00000000000F00F00000F00B000000F0FF0,3,3,29,22,32,28,25,16,4,5,3,1,1,4,2719.0260000000007,2672.1850000000013,665
13,9,44,24,00BF0B00000B00F000B0B000000F00BF00B00000F0000B0000000000000000000000000000000000FF0F00B00000000F000000000F000F0000BB0FF0000000000B00000000000000F00B0F0FB0F0F0B0000000F0F0000000000000FFF000B00000000000F00F00000F00B000000F0FF00,3,3,29,22,32,28,25,16,4,5,3,1,1,4,2719.8400000000006,2673.0450000000014,666
13,9,44,24,00BF0B00000B00F000B0B000000F00BF00B00000F0000B0000000000000000000000000000000000FF0F00B00000000F000000000F000F0000BB0FF0000000000B00000000000000F00B0F0FB0F0F0B0000000F0F0000000000000FFF000B00000000000F00F00000F00B000000F0FF000,3,3,30,22,32,28,25,16,4,5,3,1,1,4,2730.5070000000005,2683.2140000000013,670
13,9,45,24,00BF0B00000B00F000B0B000000F00BF00B00000F0000B0000000000000000000000000000000000FF0F00B00000000F000000000F000F0000BB0FF0000000000B00000000000000F00B0F0FB0F0F0B0000000F0F0000000000000FFF000B00000000000F00F00000F00B000000F0FF000F,3,3,30,22,33,28,26,16,4,5,3,1,1,4,2740.6860000000006,2690.883000000001,673
13,9,45,24,00BF0B00000B00F000B0B000000F00BF00B00000F0000B0000000000000000000000000000000000FF0F00B00000000F000000000F000F0000BB0FF0000000000B00000000000000F00B0F0FB0F0F0B0000000F0F0000000000000FFF000B00000000000F00F00000F00B000000F0FF000F0,3,3,30,22,33,29,26,16,4,5,3,1,1,4,2757.4920000000006,2704.391000000001,675
13,9,45,24,00BF0B00000B00F000B0B000000F00BF00B00000F0000B0000000000000000000000000000000000FF0F00B00000000F000000000F000F0000BB0FF0000000000B00000000000000F00B0F0FB0F0F0B0000000F0F0000000000000FFF000B00000000000F00F00000F00B000000F0FF000F00,3,3,30,23,33,29,26,16,4,5,3,1,1,4,2785.9650000000006,2729.138000000001,683
13,9,45,24,00BF0B00000B00F000B0B000000F00BF00B00000F0000B0000000000000000000000000000000000FF0F00B00000000F000000000F000F0000BB0FF0000000000B00000000000000F00B0F0FB0F0F0B0000000F0F0000000000000FFF000B00000000000F00F00000F00B000000F0FF000F000,3,3,30,23,33,29,26,16,4,5,3,1,1,4,2793.9790000000007,2738.987000000001,684
13,9,45,24,00BF0B00000B00F000B0B000000F00BF00B00000F0000B0000000000000000000000000000000000FF0F00B00000000F000000000F000F0000BB0FF0000000000B00000000000000F00B0F0FB0F0F0B0000000F0F0000000000000FFF000B00000000000F00F00000F00B000000F0FF000F0000,3,3,30,23,33,29,26,16,4,5,3,1,1,4,2807.946000000001,2752.755000000001,688
13,9,45,24,00BF0B00000B00F000B0B000000F00BF00B00000F0000B0000000000000000000000000000000000FF0F00B00000000F000000000F000F0000BB0FF0000000000B00000000000000F00B0F0FB0F0F0B0000000F0F0000000000000FFF000B00000000000F00F00000F00B000000F0FF000F00000,3,3,30,23,33,29,26,16,5,5,3,1,2,4,2815.0370000000007,2758.426000000001,689
13,9,45,25,00BF0B00000B00F000B0B000000F00BF00B00000F0000B0000000000000000000000000000000000FF0F00B00000000F000000000F000F0000BB0FF0000000000B00000000000000F00B0F0FB0F0F0B0000000F0F0000000000000FFF000B00000000000F00F00000F00B000000F0FF000F000000,3,3,30,23,33,29,26,16,6,5,3,1,3,4,2821.7750000000005,2764.0970000000007,690
13,9,45,25,00BF0B00000B00F000B0B000000F00BF00B00000F0000B0000000000000000000000000000000000FF0F00B00000000F000000000F000F0000BB0FF0000000000B00000000000000F00B0F0FB0F0F0B0000000F0F0000000000000FFF000B00000000000F00F00000F00B000000F0FF000F0000000,3,3,30,23,33,29,26,16,6,5,3,1,3,4,2839.2360000000003,2776.8920000000007,691
13,9,45,25,00BF0B00000B00F000B0B000000F00BF00B00000F0000B0000000000000000000000000000000000FF0F00B00000000F000000000F000F0000BB0FF0000000000B00000000000000F00B0F0FB0F0F0B0000000F0F0000000000000FFF000B00000000000F00F00000F00B000000F0FF000F00000000,3,3,30,23,33,29,26,16,6,5,3,1,3,4,2855.8840000000005,2794.3800000000006,695
13,9,45,25,00BF0B00000B00F000B0B000000F00BF00B00000F0000B0000000000000000000000000000000000FF0F00B00000000F000000000F000F0000BB0FF0000000000B00000000000000F00B0F0FB0F0F0B0000000F0F0000000000000FFF000B00000000000F00F00000F00B000000F0FF000F000000000,3,3,31,23,33,29,26,16,6,5,3,1,3,4,2878.9750000000004,2816.2030000000004,702
13,9,45,25,00BF0B00000B00F000B0B000000F00BF00B00000F0000B0000000000000000000000000000000000FF0F00B00000000F000000000F000F0000BB0FF0000000000B00000000000000F00B0F0FB0F0F0B0000000F0F0000000000000FFF000B00000000000F00F00000F00B000000F0FF000F0000000000,3,3,31,23,33,29,26,16,6,5,3,1,3,4,2890.2320000000004,2836.1740000000004,703
13,9,46,25,00BF0B00000B00F000B0B000000F00BF00B00000F0000B0000000000000000000000000000000000FF0F00B00000000F000000000F000F0000BB0FF0000000000B00000000000000F00B0F0FB0F0F0B0000000F0F0000000000000FFF000B00000000000F00F00000F00B000000F0FF000F0000000000B,3,3,31,23,34,29,27,16,6,5,3,1,3,4,2916.0850000000005,2883.5710000000004,710
13,9,47,25,00BF0B00000B00F000B0B000000F00BF00B00000F0000B0000000000000000000000000000000000FF0F00B00000000F000000000F000F0000BB0FF0000000000B00000000000000F00B0F0FB0F0F0B0000000F0F0000000000000FFF000B00000000000F00F00000F00B000000F0FF000F0000000000BF,3,3,31,23,35,29,28,16,6,5,3,1,3,4,2923.8450000000007,2895.722,713
13,9,47,25,00BF0B00000B00F000B0B000000F00BF00B00000F0000B0000000000000000000000000000000000FF0F00B00000000F000000000F000F0000BB0FF0000000000B00000000000000F00B0F0FB0F0F0B0000000F0F0000000000000FFF000B00000000000F00F00000F00B000000F0FF000F0000000000BF0,3,3,31,24,35,29,28,16,6,5,3,1,3,4,2932.7670000000007,2911.5,716
13,9,47,25,00BF0B00000B00F000B0B000000F00BF00B00000F0000B0000000000000000000000000000000000FF0F00B00000000F000000000F000F0000BB0FF0000000000B00000000000000F00B0F0FB0F0F0B0000000F0F0000000000000FFF000B00000000000F00F00000F00B000000F0FF000F0000000000BF00,3,3,31,24,35,29,28,16,6,5,3,1,3,4,2944.781000000001,2919.527,718
13,9,47,26,00BF0B00000B00F000B0B000000F00BF00B00000F0000B0000000000000000000000000000000000FF0F00B00000000F000000000F000F0000BB0FF0000000000B00000000000000F00B0F0FB0F0F0B0000000F0F0000000000000FFF000B00000000000F00F00000F00B000000F0FF000F0000000000BF00B,3,3,31,24,35,29,28,16,6,5,3,1,3,4,2994.6170000000006,2961.491,728
13,9,48,26,00BF0B00000B00F000B0B000000F00BF00B00000F0000B0000000000000000000000000000000000FF0F00B00000000F000000000F000F0000BB0FF0000000000B00000000000000F00B0F0FB0F0F0B0000000F0F0000000000000FFF000B00000000000F00F00000F00B000000F0FF000F0000000000BF00BF,3,3,31,24,36,29,29,16,6,5,3,1,3,4,3003.1680000000006,2971.788,731
13,9,48,26,00BF0B00000B00F000B0B000000F00BF00B00000F0000B0000000000000000000000000000000000FF0F00B00000000F000000000F000F0000BB0FF0000000000B00000000000000F00B0F0FB0F0F0B0000000F0F0000000000000FFF000B00000000000F00F00000F00B000000F0FF000F0000000000BF00BF0,3,3,31,24,36,29,29,16,6,5,3,1,3,4,3008.2670000000007,2976.247,732
13,10,48,27,00BF0B00000B00F000B0B000000F00BF00B00000F0000B0000000000000000000000000000000000FF0F00B00000000F000000000F000F0000BB0FF0000000000B00000000000000F00B0F0FB0F0F0B0000000F0F0000000000000FFF000B00000000000F00F00000F00B000000F0FF000F0000000000BF00BF00,3,3,31,24,36,29,29,16,6,5,3,1,3,4,3013.7350000000006,2981.9539999999997,733
13,10,48,28,00BF0B00000B00F000B0B000000F00BF00B00000F0000B0000000000000000000000000000000000FF0F00B00000000F000000000F000F0000BB0FF0000000000B00000000000000F00B0F0FB0F0F0B0000000F0F0000000000000FFF000B00000000000F00F00000F00B000000F0FF000F0000000000BF00BF00F,3,3,31,24,36,30,29,17,6,5,3,1,3,4,3025.7510000000007,2997.6429999999996,738
13,10,48,28,00BF0B00000B00F000B0B000000F00BF00B00000F0000B0000000000000000000000000000000000FF0F00B00000000F000000000F000F0000BB0FF0000000000B00000000000000F00B0F0FB0F0F0B0000000F0F0000000000000FFF000B00000000000F00F00000F00B000000F0FF000F0000000000BF00BF00F0,3,3,31,24,36,31,29,18,6,5,3,1,3,4,3046.5410000000006,3018.6189999999997,743
13,10,48,28,00BF0B00000B00F000B0B000000F00BF00B00000F0000B0000000000000000000000000000000000FF0F00B00000000F000000000F000F0000BB0FF0000000000B00000000000000F00B0F0FB0F0F0B0000000F0F0000000000000FFF000B00000000000F00F00000F00B000000F0FF000F0000000000BF00BF00F00,3,3,32,24,36,31,29,18,6,5,3,1,3,4,3056.5520000000006,3032.0249999999996,745
13,10,48,28,00BF0B00000B00F000B0B000000F00BF00B00000F0000B0000000000000000000000000000000000FF0F00B00000000F000000000F000F0000BB0FF0000000000B00000000000000F00B0F0FB0F0F0B0000000F0F0000000000000FFF000B00000000000F00F00000F00B000000F0FF000F0000000000BF00BF00F000,3,3,32,25,36,31,29,18,6,5,3,1,3,4,3061.3690000000006,3036.0149999999994,746
13,10,48,28,00BF0B00000B00F000B0B000000F00BF00B00000F0000B0000000000000000000000000000000000FF0F00B00000000F000000000F000F0000BB0FF0000000000B00000000000000F00B0F0FB0F0F0B0000000F0F0000000000000FFF000B00000000000F00F00000F00B000000F0FF000F0000000000BF00BF00F0000,3,3,32,25,36,31,29,18,6,5,3,1,3,4,3064.4830000000006,3039.3559999999993,747
13,10,48,28,00BF0B00000B00F000B0B000000F00BF00B00000F0000B0000000000000000000000000000000000FF0F00B00000000F000000000F000F0000BB0FF0000000000B00000000000000F00B0F0FB0F0F0B0000000F0F0000000000000FFF000B00000000000F00F00000F00B000000F0FF000F0000000000BF00BF00F00000,3,3,32,26,36,31,29,18,6,5,3,1,3,4,3083.4060000000004,3056.8069999999993,752
13,10,48,29,00BF0B00000B00F000B0B000000F00BF00B00000F0000B0000000000000000000000000000000000FF0F00B00000000F000000000F000F0000BB0FF0000000000B00000000000000F00B0F0FB0F0F0B0000000F0F0000000000000FFF000B00000000000F00F00000F00B000000F0FF000F0000000000BF00BF00F00000F,3,3,32,26,36,31,29,18,6,5,3,1,3,4,3095.6880000000006,3066.7919999999995,756
13,10,48,30,00BF0B00000B00F000B0B000000F00BF00B00000F0000B0000000000000000000000000000000000FF0F00B00000000F000000000F000F0000BB0FF0000000000B00000000000000F00B0F0FB0F0F0B0000000F0F0000000000000FFF000B00000000000F00F00000F00B000000F0FF000F0000000000BF00BF00F00000FF,3,3,32,26,36,32,29,19,6,5,3,1,3,4,3116.9440000000004,3088.2189999999996,762
14,10,49,30,00BF0B00000B00F000B0B000000F00BF00B00000F0000B0000000000000000000000000000000000FF0F00B00000000F000000000F000F0000BB0FF0000000000B00000000000000F00B0F0FB0F0F0B0000000F0F0000000000000FFF000B00000000000F00F00000F00B000000F0FF000F0000000000BF00BF00F00000FF0,3,3,32,26,36,32,29,19,6,5,3,1,3,4,3117.7080000000005,3089.6069999999995,763
14,10,49,30,00BF0B00000B00F000B0B000000F00BF00B00000F0000B0000000000000000000000000000000000FF0F00B00000000F000000000F000F0000BB0FF0000000000B00000000000000F00B0F0FB0F0F0B0000000F0F0000000000000FFF000B00000000000F00F00000F00B000000F0FF000F0000000000BF00BF00F00000FF00,3,3,32,26,36,32,29,19,6,5,3,1,3,4,3124.3590000000004,3095.7839999999997,765
14,10,49,30,00BF0B00000B00F000B0B000000F00BF00B00000F0000B0000000000000000000000000000000000FF0F00B00000000F000000000F000F0000BB0FF0000000000B00000000000000F00B0F0FB0F0F0B0000000F0F0000000000000FFF000B00000000000F00F00000F00B000000F0FF000F0000000000BF00BF00F00000FF000,3,3,32,26,36,32,29,19,6,5,3,1,3,4,3125.1510000000003,3096.7429999999995,766
14,10,49,30,00BF0B00000B00F000B0B000000F00BF00B00000F0000B0000000000000000000000000000000000FF0F00B00000000F000000000F000F0000BB0FF0000000000B00000000000000F00B0F0FB0F0F0B0000000F0F0000000000000FFF000B00000000000F00F00000F00B000000F0FF000F0000000000BF00BF00F00000FF0000,3,3,32,27,36,32,29,19,6,5,3,1,3,4,3132.474,3104.6019999999994,767
14,10,49,30,00BF0B00000B00F000B0B000000F00BF00B00000F0000B0000000000000000000000000000000000FF0F00B00000000F000000000F000F0000BB0FF0000000000B00000000000000F00B0F0FB0F0F0B0000000F0F0000000000000FFF000B00000000000F00F00000F00B000000F0FF000F0000000000BF00BF00F00000FF00000,3,3,32,27,36,32,29,19,6,5,3,1,3,4,3146.0280000000002,3122.7629999999995,770
14,10,49,30,00BF0B00000B00F000B0B000000F00BF00B00000F0000B0000000000000000000000000000000000FF0F00B00000000F000000000F000F0000BB0FF0000000000B00000000000000F00B0F0FB0F0F0B0000000F0F0000000000000FFF000B00000000000F00F00000F00B000000F0FF000F0000000000BF00BF00F00000FF000000,3,3,32,27,36,32,29,19,6,5,3,1,3,4,3151.8920000000003,3127.1419999999994,771
14,10,49,30,00BF0B00000B00F000B0B000000F00BF00B00000F0000B0000000000000000000000000000000000FF0F00B00000000F000000000F000F0000BB0FF0000000000B00000000000000F00B0F0FB0F0F0B0000000F0F0000000000000FFF000B00000000000F00F00000F00B000000F0FF000F0000000000BF00BF00F00000FF0000000,3,3,32,27,36,32,29,19,6,5,3,1,3,4,3158.2960000000003,3131.8749999999995,772
14,10,49,30,00BF0B00000B00F000B0B000000F00BF00B00000F0000B0000000000000000000000000000000000FF0F00B00000000F000000000F000F0000BB0FF0000000000B00000000000000F00B0F0FB0F0F0B0000000F0F0000000000000FFF000B00000000000F00F00000F00B000000F0FF000F0000000000BF00BF00F00000FF00000000,3,3,33,27,36,32,29,19,6,5,3,1,3,4,3164.943,3138.1509999999994,773
14,10,49,30,00BF0B00000B00F000B0B000000F00BF00B00000F0000B0000000000000000000000000000000000FF0F00B00000000F000000000F000F0000BB0FF0000000000B00000000000000F00B0F0FB0F0F0B0000000F0F0000000000000FFF000B00000000000F00F00000F00B000000F0FF000F0000000000BF00BF00F00000FF000000000,3,3,34,27,36,32,29,19,6,5,3,1,3,4,3236.6290000000004,3203.8079999999995,791
14,10,49,30,00BF0B00000B00F000B0B000000F00BF00B00000F0000B0000000000000000000000000000000000FF0F00B00000000F000000000F000F0000BB0FF0000000000B00000000000000F00B0F0FB0F0F0B0000000F0F0000000000000FFF000B00000000000F00F00000F00B000000F0FF000F0000000000BF00BF00F00000FF0000000000,3,3,34,27,36,32,29,19,6,5,3,1,3,4,3248.452,3217.6219999999994,794
14,10,49,30,00BF0B00000B00F000B0B000000F00BF00B00000F0000B0000000000000000000000000000000000FF0F00B00000000F000000000F000F0000BB0FF0000000000B00000000000000F00B0F0FB0F0F0B0000000F0F0000000000000FFF000B00000000000F00F00000F00B000000F0FF000F0000000000BF00BF00F00000FF00000000000,3,3,34,27,36,33,29,20,6,5,3,1,3,4,3285.0480000000002,3279.1659999999993,802
14,10,49,30,00BF0B00000B00F000B0B000000F00BF00B00000F0000B0000000000000000000000000000000000FF0F00B00000000F000000000F000F0000BB0FF0000000000B00000000000000F00B0F0FB0F0F0B0000000F0F0000000000000FFF000B00000000000F00F00000F00B000000F0FF000F0000000000BF00BF00F00000FF000000000000,3,3,34,27,36,33,29,20,6,5,3,1,3,4,3296.7670000000003,3291.725999999999,805
15,10,50,30,00BF0B00000B00F000B0B000000F00BF00B00000F0000B0000000000000000000000000000000000FF0F00B00000000F000000000F000F0000BB0FF0000000000B00000000000000F00B0F0FB0F0F0B0000000F0F0000000000000FFF000B00000000000F00F00000F00B000000F0FF000F0000000000BF00BF00F00000FF0000000000000,3,3,34,27,36,33,29,20,6,5,3,1,3,4,3297.7230000000004,3293.0479999999993,806
15,10,51,30,00BF0B00000B00F000B0B000000F00BF00B00000F0000B0000000000000000000000000000000000FF0F00B00000000F000000000F000F0000BB0FF0000000000B00000000000000F00B0F0FB0F0F0B0000000F0F0000000000000FFF000B00000000000F00F00000F00B000000F0FF000F0000000000BF00BF00F00000FF0000000000000F,3,3,34,27,36,33,29,20,6,5,3,1,3,4,3305.5480000000002,3304.6509999999994,809
15,10,51,30,00BF0B00000B00F000B0B000000F00BF00B00000F0000B0000000000000000000000000000000000FF0F00B00000000F000000000F000F0000BB0FF0000000000B00000000000000F00B0F0FB0F0F0B0000000F0F0000000000000FFF000B00000000000F00F00000F00B000000F0FF000F0000000000BF00BF00F00000FF0000000000000F0,3,3,34,27,36,33,29,20,6,5,3,1,3,4,3320.2850000000003,3315.8479999999995,814
15,10,51,30,00BF0B00000B00F000B0B000000F00BF00B00000F0000B0000000000000000000000000000000000FF0F00B00000000F000000000F000F0000BB0FF0000000000B00000000000000F00B0F0FB0F0F0B0000000F0F0000000000000FFF000B00000000000F00F00000F00B000000F0FF000F0000000000BF00BF00F00000FF0000000000000F00,3,3,34,27,36,33,29,20,6,5,3,1,3,4,3320.9490000000005,3316.5349999999994,815
15,10,51,30,00BF0B00000B00F000B0B000000F00BF00B00000F0000B0000000000000000000000000000000000FF0F00B00000000F000000000F000F0000BB0FF0000000000B00000000000000F00B0F0FB0F0F0B0000000F0F0000000000000FFF000B00000000000F00F00000F00B000000F0FF000F0000000000BF00BF00F00000FF0000000000000F000,3,3,34,27,36,33,29,20,6,5,3,1,3,4,3355.3020000000006,3357.7599999999993,825
15,10,51,30,00BF0B00000B00F000B0B000000F00BF00B00000F0000B0000000000000000000000000000000000FF0F00B00000000F000000000F000F0000BB0FF0000000000B00000000000000F00B0F0FB0F0F0B0000000F0F0000000000000FFF000B00000000000F00F00000F00B000000F0FF000F0000000000BF00BF00F00000FF0000000000000F0000,3,3,34,27,36,33,29,20,6,5,3,1,3,4,3362.5880000000006,3363.1279999999992,826
15,10,51,30,00BF0B00000B00F000B0B000000F00BF00B00000F0000B0000000000000000000000000000000000FF0F00B00000000F000000000F000F0000BB0FF0000000000B00000000000000F00B0F0FB0F0F0B0000000F0F0000000000000FFF000B00000000000F00F00000F00B000000F0FF000F0000000000BF00BF00F00000FF0000000000000F00000,3,3,34,27,36,33,29,20,6,5,3,1,3,4,3366.9940000000006,3367.5749999999994,827
15,10,51,30,00BF0B00000B00F000B0B000000F00BF00B00000F0000B0000000000000000000000000000000000FF0F00B00000000F000000000F000F0000BB0FF0000000000B00000000000000F00B0F0FB0F0F0B0000000F0F0000000000000FFF000B00000000000F00F00000F00B000000F0FF000F0000000000BF00BF00F00000FF0000000000000F000000,3,3,34,27,36,33,29,20,6,5,3,1,3,4,3371.437000000001,3373.7609999999995,828
15,10,51,30,00BF0B00000B00F000B0B000000F00BF00B00000F0000B0000000000000000000000000000000000FF0F00B00000000F000000000F000F0000BB0FF0000000000B00000000000000F00B0F0FB0F0F0B0000000F0F0000000000000FFF000B00000000000F00F00000F00B000000F0FF000F0000000000BF00BF00F00000FF0000000000000F0000000,3,3,35,27,36,33,29,20,6,5,3,1,3,4,3378.897000000001,3383.0029999999997,830
15,10,51,30,00BF0B00000B00F000B0B000000F00BF00B00000F0000B0000000000000000000000000000000000FF0F00B00000000F000000000F000F0000BB0FF0000000000B00000000000000F00B0F0FB0F0F0B0000000F0F0000000000000FFF000B00000000000F00F00000F00B000000F0FF000F0000000000BF00BF00F00000FF0000000000000F00000000,3,3,35,27,36,33,29,20,6,5,3,1,3,4,3389.0060000000008,3392.0629999999996,831
15,10,51,30,00BF0B00000B00F000B0B000000F00BF00B00000F0000B0000000000000000000000000000000000FF0F00B00000000F000000000F000F0000BB0FF0000000000B00000000000000F00B0F0FB0F0F0B0000000F0F0000000000000FFF000B00000000000F00F00000F00B000000F0FF000F0000000000BF00BF00F00000FF0000000000000F000000000,3,3,35,27,36,33,29,20,6,5,3,1,3,4,3408.5570000000007,3414.1559999999995,835
15,10,51,30,00BF0B00000B00F000B0B000000F00BF00B00000F0000B0000000000000000000000000000000000FF0F00B00000000F000000000F000F0000BB0FF0000000000B00000000000000F00B0F0FB0F0F0B0000000F0F0000000000000FFF000B00000000000F00F00000F00B000000F0FF000F0000000000BF00BF00F00000FF0000000000000F0000000000,3,3,35,27,37,33,30,20,6,5,3,1,3,4,3415.328000000001,3416.7569999999996,836
15,10,52,30,00BF0B00000B00F000B0B000000F00BF00B00000F0000B0000000000000000000000000000000000FF0F00B00000000F000000000F000F0000BB0FF0000000000B00000000000000F00B0F0FB0F0F0B0000000F0F0000000000000FFF000B00000000000F00F00000F00B000000F0FF000F0000000000BF00BF00F00000FF0000000000000F0000000000F,3,3,35,27,37,33,30,20,6,5,3,1,3,4,3439.040000000001,3465.1989999999996,841
15,10,53,30,00BF0B00000B00F000B0B000000F00BF00B00000F0000B0000000000000000000000000000000000FF0F00B00000000F000000000F000F0000BB0FF0000000000B00000000000000F00B0F0FB0F0F0B0000000F0F0000000000000FFF000B00000000000F00F00000F00B000000F0FF000F0000000000BF00BF00F00000FF0000000000000F0000000000FB,3,3,35,27,37,33,30,20,6,5,3,1,3,4,3479.8090000000007,3511.4089999999997,851
15,10,53,30,00BF0B00000B00F000B0B000000F00BF00B00000F0000B0000000000000000000000000000000000FF0F00B00000000F000000000F000F0000BB0FF0000000000B00000000000000F00B0F0FB0F0F0B0000000F0F0000000000000FFF000B00000000000F00F00000F00B000000F0FF000F0000000000BF00BF00F00000FF0000000000000F0000000000FB0,3,3,35,27,37,34,30,21,6,5,3,1,3,4,3496.7850000000008,3524.22,854
15,10,54,30,00BF0B00000B00F000B0B000000F00BF00B00000F0000B0000000000000000000000000000000000FF0F00B00000000F000000000F000F0000BB0FF0000000000B00000000000000F00B0F0FB0F0F0B0000000F0F0000000000000FFF000B00000000000F00F00000F00B000000F0FF000F0000000000BF00BF00F00000FF0000000000000F0000000000FB0F,3,3,35,27,37,34,30,21,6,5,3,1,3,4,3503.6640000000007,3530.877,857
15,10,55,30,00BF0B00000B00F000B0B000000F00BF00B00000F0000B0000000000000000000000000000000000FF0F00B00000000F000000000F000F0000BB0FF0000000000B00000000000000F00B0F0FB0F0F0B0000000F0F0000000000000FFF000B00000000000F00F00000F00B000000F0FF000F0000000000BF00BF00F00000FF0000000000000F0000000000FB0F0,3,3,35,27,37,34,30,21,6,5,3,1,3,4,3507.1830000000004,3535.557,858
15,10,55,31,00BF0B00000B00F000B0B000000F00BF00B00000F0000B0000000000000000000000000000000000FF0F00B00000000F000000000F000F0000BB0FF0000000000B00000000000000F00B0F0FB0F0F0B0000000F0F0000000000000FFF000B00000000000F00F00000F00B000000F0FF000F0000000000BF00BF00F00000FF0000000000000F0000000000FB0F0F,3,3,35,27,37,34,30,21,6,5,3,1,3,4,3579.1120000000005,3575.0969999999998,869
15,10,55,31,00BF0B00000B00F000B0B000000F00BF00B00000F0000B0000000000000000000000000000000000FF0F00B00000000F000000000F000F0000BB0FF0000000000B00000000000000F00B0F0FB0F0F0B0000000F0F0000000000000FFF000B00000000000F00F00000F00B000000F0FF000F0000000000BF00BF00F00000FF0000000000000F0000000000FB0F0F0,3,3,35,27,37,34,30,21,6,5,3,1,3,4,3588.2380000000007,3585.0249999999996,870
15,10,55,31,00BF0B00000B00F000B0B000000F00BF00B00000F0000B0000000000000000000000000000000000FF0F00B00000000F000000000F000F0000BB0FF0000000000B00000000000000F00B0F0FB0F0F0B0000000F0F0000000000000FFF000B00000000000F00F00000F00B000000F0FF000F0000000000BF00BF00F00000FF0000000000000F0000000000FB0F0F00,3,3,35,28,38,34,31,21,6,5,3,1,3,4,3602.9100000000008,3598.4509999999996,873
15,10,55,31,00BF0B00000B00F000B0B000000F00BF00B00000F0000B0000000000000000000000000000000000FF0F00B00000000F000000000F000F0000BB0FF0000000000B00000000000000F00B0F0FB0F0F0B0000000F0F0000000000000FFF000B00000000000F00F00000F00B000000F0FF000F0000000000BF00BF00F00000FF0000000000000F0000000000FB0F0F000,3,3,35,28,38,34,31,21,6,5,3,1,3,4,3629.4560000000006,3623.8689999999997,879
15,10,55,31,00BF0B00000B00F000B0B000000F00BF00B00000F0000B0000000000000000000000000000000000FF0F00B00000000F000000000F000F0000BB0FF0000000000B00000000000000F00B0F0FB0F0F0B0000000F0F0000000000000FFF000B00000000000F00F00000F00B000000F0FF000F0000000000BF00BF00F00000FF0000000000000F0000000000FB0F0F0000,3,3,36,28,38,34,31,21,6,5,3,1,3,4,3651.5480000000007,3647.245,884
15,10,55,31,00BF0B00000B00F000B0B000000F00BF00B00000F0000B0000000000000000000000000000000000FF0F00B00000000F000000000F000F0000BB0FF0000000000B00000000000000F00B0F0FB0F0F0B0000000F0F0000000000000FFF000B00000000000F00F00000F00B000000F0FF000F0000000000BF00BF00F00000FF0000000000000F0000000000FB0F0F00000,3,3,36,28,38,34,31,21,6,5,3,1,3,4,3660.9980000000005,3656.339,885
15,10,55,31,00BF0B00000B00F000B0B000000F00BF00B00000F0000B0000000000000000000000000000000000FF0F00B00000000F000000000F000F0000BB0FF0000000000B00000000000000F00B0F0FB0F0F0B0000000F0F0000000000000FFF000B00000000000F00F00000F00B000000F0FF000F0000000000BF00BF00F00000FF0000000000000F0000000000FB0F0F000000,3,3,36,28,38,34,31,21,6,5,3,1,3,4,3664.4190000000003,3660.372,886
16,10,56,31,00BF0B00000B00F000B0B000000F00BF00B00000F0000B0000000000000000000000000000000000FF0F00B00000000F000000000F000F0000BB0FF0000000000B00000000000000F00B0F0FB0F0F0B0000000F0F0000000000000FFF000B00000000000F00F00000F00B000000F0FF000F0000000000BF00BF00F00000FF0000000000000F0000000000FB0F0F0000000,3,3,36,28,38,34,31,21,6,5,3,1,3,4,3665.0750000000003,3661.2819999999997,887
16,10,56,31,00BF0B00000B00F000B0B000000F00BF00B00000F0000B0000000000000000000000000000000000FF0F00B00000000F000000000F000F0000BB0FF0000000000B00000000000000F00B0F0FB0F0F0B0000000F0F0000000000000FFF000B00000000000F00F00000F00B000000F0FF000F0000000000BF00BF00F00000FF0000000000000F0000000000FB0F0F00000000,3,3,37,28,38,34,31,21,6,5,3,1,3,4,3671.956,3670.3059999999996,889
17,10,57,31,00BF0B00000B00F000B0B000000F00BF00B00000F0000B0000000000000000000000000000000000FF0F00B00000000F000000000F000F0000BB0FF0000000000B00000000000000F00B0F0FB0F0F0B0000000F0F0000000000000FFF000B00000000000F00F00000F00B000000F0FF000F0000000000BF00BF00F00000FF0000000000000F0000000000FB0F0F000000000,3,3,37,28,38,34,31,21,6,5,3,1,3,4,3672.753,3671.1929999999998,890
17,10,57,31,00BF0B00000B00F000B0B000000F00BF00B00000F0000B0000000000000000000000000000000000FF0F00B00000000F000000000F000F0000BB0FF0000000000B00000000000000F00B0F0FB0F0F0B0000000F0F0000000000000FFF000B00000000000F00F00000F00B000000F0FF000F0000000000BF00BF00F00000FF0000000000000F0000000000FB0F0F0000000000,3,3,37,28,38,35,31,22,6,5,3,1,3,4,3677.2870000000003,3676.4619999999995,891
17,10,57,31,00BF0B00000B00F000B0B000000F00BF00B00000F0000B0000000000000000000000000000000000FF0F00B00000000F000000000F000F0000BB0FF0000000000B00000000000000F00B0F0FB0F0F0B0000000F0F0000000000000FFF000B00000000000F00F00000F00B000000F0FF000F0000000000BF00BF00F00000FF0000000000000F0000000000FB0F0F00000000000,3,3,37,29,38,35,31,22,6,5,3,1,3,4,3681.5950000000003,3680.2979999999993,893
17,10,57,31,00BF0B00000B00F000B0B000000F00BF00B00000F0000B0000000000000000000000000000000000FF0F00B00000000F000000000F000F0000BB0FF0000000000B00000000000000F00B0F0FB0F0F0B0000000F0F0000000000000FFF000B00000000000F00F00000F00B000000F0FF000F0000000000BF00BF00F00000FF0000000000000F0000000000FB0F0F000000000000,3,3,38,29,38,35,31,22,6,5,3,1,3,4,3730.193,3731.624999999999,906
17,10,57,31,00BF0B00000B00F000B0B000000F00BF00B00000F0000B0000000000000000000000000000000000FF0F00B00000000F000000000F000F0000BB0FF0000000000B00000000000000F00B0F0FB0F0F0B0000000F0F0000000000000FFF000B00000000000F00F00000F00B000000F0FF000F0000000000BF00BF00F00000FF0000000000000F0000000000FB0F0F0000000000000,3,3,38,30,38,36,31,22,6,5,3,1,3,4,3744.7540000000004,3748.889999999999,908
17,10,57,31,00BF0B00000B00F000B0B000000F00BF00B00000F0000B0000000000000000000000000000000000FF0F00B00000000F000000000F000F0000BB0FF0000000000B00000000000000F00B0F0FB0F0F0B0000000F0F0000000000000FFF000B00000000000F00F00000F00B000000F0FF000F0000000000BF00BF00F00000FF0000000000000F0000000000FB0F0F00000000000000,3,3,38,30,38,37,31,23,6,5,3,1,3,4,3761.628,3764.230999999999,911
17,10,57,31,00BF0B00000B00F000B0B000000F00BF00B00000F0000B0000000000000000000000000000000000FF0F00B00000000F000000000F000F0000BB0FF0000000000B00000000000000F00B0F0FB0F0F0B0000000F0F0000000000000FFF000B00000000000F00F00000F00B000000F0FF000F0000000000BF00BF00F00000FF0000000000000F0000000000FB0F0F000000000000000,3,3,38,30,38,38,31,24,6,5,3,1,3,4,3775.387,3780.406999999999,912
17,10,57,31,00BF0B00000B00F000B0B000000F00BF00B00000F0000B0000000000000000000000000000000000FF0F00B00000000F000000000F000F0000BB0FF0000000000B00000000000000F00B0F0FB0F0F0B0000000F0F0000000000000FFF000B00000000000F00F00000F00B000000F0FF000F0000000000BF00BF00F00000FF0000000000000F0000000000FB0F0F0000000000000000,3,3,39,30,38,38,31,24,6,5,3,1,3,4,3805.349,3808.281999999999,916
17,10,57,31,00BF0B00000B00F000B0B000000F00BF00B00000F0000B0000000000000000000000000000000000FF0F00B00000000F000000000F000F0000BB0FF0000000000B00000000000000F00B0F0FB0F0F0B0000000F0F0000000000000FFF000B00000000000F00F00000F00B000000F0FF000F0000000000BF00BF00F00000FF0000000000000F0000000000FB0F0F00000000000000000,3,3,39,30,38,38,31,24,6,5,3,1,3,4,3810.5260000000003,3811.929999999999,917
17,10,57,31,00BF0B00000B00F000B0B000000F00BF00B00000F0000B0000000000000000000000000000000000FF0F00B00000000F000000000F000F0000BB0FF0000000000B00000000000000F00B0F0FB0F0F0B0000000F0F0000000000000FFF000B00000000000F00F00000F00B000000F0FF000F0000000000BF00BF00F00000FF0000000000000F0000000000FB0F0F000000000000000000,3,3,39,30,38,38,31,24,6,5,3,1,3,4,3825.9110000000005,3831.389999999999,920
17,10,57,31,00BF0B00000B00F000B0B000000F00BF00B00000F0000B0000000000000000000000000000000000FF0F00B00000000F000000000F000F0000BB0FF0000000000B00000000000000F00B0F0FB0F0F0B0000000F0F0000000000000FFF000B00000000000F00F00000F00B000000F0FF000F0000000000BF00BF00F00000FF0000000000000F0000000000FB0F0F0000000000000000000,3,3,40,30,38,38,31,24,6,5,3,1,3,4,3830.5180000000005,3839.855999999999,922
17,10,57,31,00BF0B00000B00F000B0B000000F00BF00B00000F0000B0000000000000000000000000000000000FF0F00B00000000F000000000F000F0000BB0FF0000000000B00000000000000F00B0F0FB0F0F0B0000000F0F0000000000000FFF000B00000000000F00F00000F00B000000F0FF000F0000000000BF00BF00F00000FF0000000000000F0000000000FB0F0F00000000000000000000,3,3,40,30,39,38,32,24,6,5,3,1,3,4,3847.6990000000005,3856.962999999999,925
17,10,57,31,00BF0B00000B00F000B0B000000F00BF00B00000F0000B0000000000000000000000000000000000FF0F00B00000000F000000000F000F0000BB0FF0000000000B00000000000000F00B0F0FB0F0F0B0000000F0F0000000000000FFF000B00000000000F00F00000F00B000000F0FF000F0000000000BF00BF00F00000FF0000000000000F0000000000FB0F0F000000000000000000000,3,3,40,30,40,38,33,24,6,5,3,1,3,4,3874.1880000000006,3882.915999999999,930
17,10,57,31,00BF0B00000B00F000B0B000000F00BF00B00000F0000B0000000000000000000000000000000000FF0F00B00000000F000000000F000F0000BB0FF0000000000B00000000000000F00B0F0FB0F0F0B0000000F0F0000000000000FFF000B00000000000F00F00000F00B000000F0FF000F0000000000BF00BF00F00000FF0000000000000F0000000000FB0F0F0000000000000000000000,3,3,41,30,40,38,33,24,6,5,3,1,3,4,3878.1170000000006,3887.632999999999,931
17,10,57,31,00BF0B00000B00F000B0B000000F00BF00B00000F0000B0000000000000000000000000000000000FF0F00B00000000F000000000F000F0000BB0FF0000000000B00000000000000F00B0F0FB0F0F0B0000000F0F0000000000000FFF000B00000000000F00F00000F00B000000F0FF000F0000000000BF00BF00F00000FF0000000000000F0000000000FB0F0F00000000000000000000000,3,3,41,30,40,38,33,24,6,5,3,1,3,4,3890.475000000001,3899.630999999999,934
17,10,57,31,00BF0B00000B00F000B0B000000F00BF00B00000F0000B0000000000000000000000000000000000FF0F00B00000000F000000000F000F0000BB0FF0000000000B00000000000000F00B0F0FB0F0F0B0000000F0F0000000000000FFF000B00000000000F00F00000F00B000000F0FF000F0000000000BF00BF00F00000FF0000000000000F0000000000FB0F0F000000000000000000000000,3,3,41,30,40,38,33,24,6,5,3,1,3,4,3894.551000000001,3903.298999999999,935
17,10,58,31,00BF0B00000B00F000B0B000000F00BF00B00000F0000B0000000000000000000000000000000000FF0F00B00000000F000000000F000F0000BB0FF0000000000B00000000000000F00B0F0FB0F0F0B0000000F0F0000000000000FFF000B00000000000F00F00000F00B000000F0FF000F0000000000BF00BF00F00000FF0000000000000F0000000000FB0F0F000000000000000000000000F,3,3,41,30,40,38,33,24,6,5,3,1,3,4,3908.837000000001,3915.458999999999,939
17,10,58,31,00BF0B00000B00F000B0B000000F00BF00B00000F0000B0000000000000000000000000000000000FF0F00B00000000F000000000F000F0000BB0FF0000000000B00000000000000F00B0F0FB0F0F0B0000000F0F0000000000000FFF000B00000000000F00F00000F00B000000F0FF000F0000000000BF00BF00F00000FF0000000000000F0000000000FB0F0F000000000000000000000000F0,3,3,41,30,40,38,33,24,6,5,3,1,3,4,3916.563000000001,3924.8999999999987,940
17,10,59,31,00BF0B00000B00F000B0B000000F00BF00B00000F0000B0000000000000000000000000000000000FF0F00B00000000F000000000F000F0000BB0FF0000000000B00000000000000F00B0F0FB0F0F0B0000000F0F0000000000000FFF000B00000000000F00F00000F00B000000F0FF000F0000000000BF00BF00F00000FF0000000000000F0000000000FB0F0F000000000000000000000000F00,3,3,41,30,40,38,33,24,6,5,3,1,3,4,3923.450000000001,3931.9289999999987,941
17,10,59,31,00BF0B00000B00F000B0B000000F00BF00B00000F0000B0000000000000000000000000000000000FF0F00B00000000F000000000F000F0000BB0FF0000000000B00000000000000F00B0F0FB0F0F0B0000000F0F0000000000000FFF000B00000000000F00F00000F00B000000F0FF000F0000000000BF00BF00F00000FF0000000000000F0000000000FB0F0F000000000000000000000000F000,3,3,41,30,40,38,33,24,6,5,3,1,3,4,3929.106000000001,3934.036999999999,942
18,10,60,31,00BF0B00000B00F000B0B000000F00BF00B00000F0000B0000000000000000000000000000000000FF0F00B00000000F000000000F000F0000BB0FF0000000000B00000000000000F00B0F0FB0F0F0B0000000F0F0000000000000FFF000B00000000000F00F00000F00B000000F0FF000F0000000000BF00BF00F00000FF0000000000000F0000000000FB0F0F000000000000000000000000F0000,3,3,41,30,40,38,33,24,6,5,3,1,3,4,3929.9530000000013,3934.7479999999987,943
18,10,60,31,00BF0B00000B00F000B0B000000F00BF00B00000F0000B0000000000000000000000000000000000FF0F00B00000000F000000000F000F0000BB0FF0000000000B00000000000000F00B0F0FB0F0F0B0000000F0F0000000000000FFF000B00000000000F00F00000F00B000000F0FF000F0000000000BF00BF00F00000FF0000000000000F0000000000FB0F0F000000000000000000000000F00000,3,3,41,30,41,38,34,24,6,5,3,1,3,4,3933.1870000000013,3938.2269999999985,944
18,10,60,31,00BF0B00000B00F000B0B000000F00BF00B00000F0000B0000000000000000000000000000000000FF0F00B00000000F000000000F000F0000BB0FF0000000000B00000000000000F00B0F0FB0F0F0B0000000F0F0000000000000FFF000B00000000000F00F00000F00B000000F0FF000F0000000000BF00BF00F00000FF0000000000000F0000000000FB0F0F000000000000000000000000F000000,3,3,41,31,41,38,34,24,6,5,3,1,3,4,3962.523000000001,3964.5559999999987,952
18,10,60,31,00BF0B00000B00F000B0B000000F00BF00B00000F0000B0000000000000000000000000000000000FF0F00B00000000F000000000F000F0000BB0FF0000000000B00000000000000F00B0F0FB0F0F0B0000000F0F0000000000000FFF000B00000000000F00F00000F00B000000F0FF000F0000000000BF00BF00F00000FF0000000000000F0000000000FB0F0F000000000000000000000000F0000000,3,3,41,32,41,38,34,24,6,5,3,1,3,4,3979.242000000001,3979.4379999999987,956
18,10,60,32,00BF0B00000B00F000B0B000000F00BF00B00000F0000B0000000000000000000000000000000000FF0F00B00000000F000000000F000F0000BB0FF0000000000B00000000000000F00B0F0FB0F0F0B0000000F0F0000000000000FFF000B00000000000F00F00000F00B000000F0FF000F0000000000BF00BF00F00000FF0000000000000F0000000000FB0F0F000000000000000000000000F0000000B,3,3,41,32,41,39,34,25,6,5,3,1,3,4,3991.1200000000013,3987.6779999999985,959
18,10,60,32,00BF0B00000B00F000B0B000000F00BF00B00000F0000B0000000000000000000000000000000000FF0F00B00000000F000000000F000F0000BB0FF0000000000B00000000000000F00B0F0FB0F0F0B0000000F0F0000000000000FFF000B00000000000F00F00000F00B000000F0FF000F0000000000BF00BF00F00000FF0000000000000F0000000000FB0F0F000000000000000000000000F0000000B0,3,3,41,32,41,39,34,25,6,5,3,1,3,4,4007.3930000000014,4007.2339999999986,962
18,10,61,32,00BF0B00000B00F000B0B000000F00BF00B00000F0000B0000000000000000000000000000000000FF0F00B00000000F000000000F000F0000BB0FF0000000000B00000000000000F00B0F0FB0F0F0B0000000F0F0000000000000FFF000B00000000000F00F00000F00B000000F0FF000F0000000000BF00BF00F00000FF0000000000000F0000000000FB0F0F000000000000000000000000F0000000B0F,3,3,41,32,41,39,34,25,6,5,3,1,3,4,4020.5420000000013,4020.339999999999,966
18,10,61,32,00BF0B00000B00F000B0B000000F00BF00B00000F0000B0000000000000000000000000000000000FF0F00B00000000F000000000F000F0000BB0FF0000000000B00000000000000F00B0F0FB0F0F0B0000000F0F0000000000000FFF000B00000000000F00F00000F00B000000F0FF000F0000000000BF00BF00F00000FF0000000000000F0000000000FB0F0F000000000000000000000000F0000000B0F0,3,3,41,32,41,39,34,25,7,5,3,1,4,4,4057.0830000000014,4053.931999999999,975
18,10,61,32,00BF0B00000B00F000B0B000000F00BF00B00000F0000B0000000000000000000000000000000000FF0F00B00000000F000000000F000F0000BB0FF0000000000B00000000000000F00B0F0FB0F0F0B0000000F0F0000000000000FFF000B00000000000F00F00000F00B000000F0FF000F0000000000BF00BF00F00000FF0000000000000F0000000000FB0F0F000000000000000000000000F0000000B0F00,3,3,41,33,41,40,34,25,7,5,3,1,4,4,4070.0850000000014,4062.710999999999,977
18,10,61,32,00BF0B00000B00F000B0B000000F00BF00B00000F0000B0000000000000000000000000000000000FF0F00B00000000F000000000F000F0000BB0FF0000000000B00000000000000F00B0F0FB0F0F0B0000000F0F0000000000000FFF000B00000000000F00F00000F00B000000F0FF000F0000000000BF00BF00F00000FF0000000000000F0000000000FB0F0F000000000000000000000000F0000000B0F000,3,3,41,34,41,40,34,25,8,5,4,1,4,4,4083.3690000000015,4076.9889999999987,981
18,10,61,32,00BF0B00000B00F000B0B000000F00BF00B00000F0000B0000000000000000000000000000000000FF0F00B00000000F000000000F000F0000BB0FF0000000000B00000000000000F00B0F0FB0F0F0B0000000F0F0000000000000FFF000B00000000000F00F00000F00B000000F0FF000F0000000000BF00BF00F00000FF0000000000000F0000000000FB0F0F000000000000000000000000F0000000B0F0000,3,3,41,34,41,40,34,25,8,5,4,1,4,4,4086.2780000000016,4081.259999999999,982
18,10,61,32,00BF0B00000B00F000B0B000000F00BF00B00000F0000B0000000000000000000000000000000000FF0F00B00000000F000000000F000F0000BB0FF0000000000B00000000000000F00B0F0FB0F0F0B0000000F0F0000000000000FFF000B00000000000F00F00000F00B000000F0FF000F0000000000BF00BF00F00000FF0000000000000F0000000000FB0F0F000000000000000000000000F0000000B0F00000,3,3,41,34,41,40,34,25,8,5,4,1,4,4,4142.767000000002,4133.016999999999,997
19,10,62,32,00BF0B00000B00F000B0B000000F00BF00B00000F0000B0000000000000000000000000000000000FF0F00B00000000F000000000F000F0000BB0FF0000000000B00000000000000F00B0F0FB0F0F0B0000000F0F0000000000000FFF000B00000000000F00F00000F00B000000F0FF000F0000000000BF00BF00F00000FF0000000000000F0000000000FB0F0F000000000000000000000000F0000000B0F000000,3,3,41,34,41,40,34,25,8,5,4,1,4,4,4144.076000000002,4134.405999999999,998
19,10,62,32,00BF0B00000B00F000B0B000000F00BF00B00000F0000B0000000000000000000000000000000000FF0F00B00000000F000000000F000F0000BB0FF0000000000B00000000000000F00B0F0FB0F0F0B0000000F0F0000000000000FFF000B00000000000F00F00000F00B000000F0FF000F0000000000BF00BF00F00000FF0000000000000F0000000000FB0F0F000000000000000000000000F0000000B0F0000000,4,3,42,34,41,40,34,25,8,5,4,1,4,4,4146.491000000002,4136.802999999999,998
19,10,63,32,00BF0B00000B00F000B0B000000F00BF00B00000F0000B0000000000000000000000000000000000FF0F00B00000000F000000000F000F0000BB0FF0000000000B00000000000000F00B0F0FB0F0F0B0000000F0F0000000000000FFF000B00000000000F00F00000F00B000000F0FF000F0000000000BF00BF00F00000FF0000000000000F0000000000FB0F0F000000000000000000000000F0000000B0F0000000F,4,3,42,34,42,40,35,25,8,5,4,1,4,4,4171.4270000000015,4201.237999999999,1005
19,10,63,32,00BF0B00000B00F000B0B000000F00BF00B00000F0000B0000000000000000000000000000000000FF0F00B00000000F000000000F000F0000BB0FF0000000000B00000000000000F00B0F0FB0F0F0B0000000F0F0000000000000FFF000B00000000000F00F00000F00B000000F0FF000F0000000000BF00BF00F00000FF0000000000000F0000000000FB0F0F000000000000000000000000F0000000B0F0000000F0,4,3,42,35,42,40,35,25,8,5,4,1,4,4,4180.2040000000015,4206.610999999999,1007
19,10,63,33,00BF0B00000B00F000B0B000000F00BF00B00000F0000B0000000000000000000000000000000000FF0F00B00000000F000000000F000F0000BB0FF0000000000B00000000000000F00B0F0FB0F0F0B0000000F0F0000000000000FFF000B00000000000F00F00000F00B000000F0FF000F0000000000BF00BF00F00000FF0000000000000F0000000000FB0F0F000000000000000000000000F0000000B0F0000000F0F,4,3,42,35,42,40,35,25,8,5,4,1,4,4,4190.004000000002,4214.399999999999,1010
19,10,63,33,00BF0B00000B00F000B0B000000F00BF00B00000F0000B0000000000000000000000000000000000FF0F00B00000000F000000000F000F0000BB0FF0000000000B00000000000000F00B0F0FB0F0F0B0000000F0F0000000000000FFF000B00000000000F00F00000F00B000000F0FF000F0000000000BF00BF00F00000FF0000000000000F0000000000FB0F0F000000000000000000000000F0000000B0F0000000F0F0,4,3,42,36,42,40,35,25,8,5,4,1,4,4,4198.448000000002,4221.635999999999,1012
19,10,63,33,00BF0B00000B00F000B0B000000F00BF00B00000F0000B0000000000000000000000000000000000FF0F00B00000000F000000000F000F0000BB0FF0000000000B00000000000000F00B0F0FB0F0F0B0000000F0F0000000000000FFF000B00000000000F00F00000F00B000000F0FF000F0000000000BF00BF00F00000FF0000000000000F0000000000FB0F0F000000000000000000000000F0000000B0F0000000F0F00,4,3,42,37,42,40,35,25,8,5,4,1,4,4,4215.739000000002,4234.981999999998,1014
19,10,63,33,00BF0B00000B00F000B0B000000F00BF00B00000F0000B0000000000000000000000000000000000FF0F00B00000000F000000000F000F0000BB0FF0000000000B00000000000000F00B0F0FB0F0F0B0000000F0F0000000000000FFF000B00000000000F00F00000F00B000000F0FF000F0000000000BF00BF00F00000FF0000000000000F0000000000FB0F0F000000000000000000000000F0000000B0F0000000F0F000,4,3,43,37,42,40,35,25,9,5,4,1,5,4,4220.601000000002,4240.126999999999,1015
19,10,63,33,00BF0B00000B00F000B0B000000F00BF00B00000F0000B0000000000000000000000000000000000FF0F00B00000000F000000000F000F0000BB0FF0000000000B00000000000000F00B0F0FB0F0F0B0000000F0F0000000000000FFF000B00000000000F00F00000F00B000000F0FF000F0000000000BF00BF00F00000FF0000000000000F0000000000FB0F0F000000000000000000000000F0000000B0F0000000F0F0000,4,3,43,37,42,40,35,25,10,5,5,1,5,4,4249.678000000003,4271.248999999999,1021
