match_id,player1,player2,elapsed_time,set_no,game_no,point_no,p1_sets,p2_sets,p1_games,p2_games,p1_score,p2_score,server,serve_no,point_victor,p1_points_won,p2_points_won,game_victor,set_victor,p1_ace,p2_ace,p1_winner,p2_winner,winner_shot_type,p1_double_fault,p2_double_fault,p1_unf_err,p2_unf_err,p1_net_pt,p2_net_pt,p1_net_pt_won,p2_net_pt_won,p1_break_pt,p2_break_pt,p1_break_pt_won,p2_break_pt_won,p1_break_pt_missed,p2_break_pt_missed,p1_distance_run,p2_distance_run,rally_count,speed_mph,serve_width,serve_depth,return_depth,serve_width_score,serve_depth_score,return_depth_score,p1_ace_sum,p2_ace_sum,p1_winner_sum,p2_winner_sum,p1_double_fault_sum,p2_double_fault_sum,p1_unf_err_sum,p2_unf_err_sum,p1_break_pt_won_sum,p2_break_pt_won_sum,p1_break_pt_missed_sum,p2_break_pt_missed_sum,p1_Psychological_Factor,p2_Psychological_Factor,p1_Physical_Factor,p2_Physical_Factor,p1_skill_factors,p2_skill_factors,p1_server_factors,p2_server_factors,p1_momentum,p2_momentum,p1_momentum_predict_lightGBM,p2_momentum_predict_lightGBM,p1_p2_momentum_predict_lightGBM_cha
2023-wimbledon-2503,Ons Jabeur,Elena Rybakina,0:00:00,1,1,1,0,0,0,0,0,0,2,2,2,0,1,0,0,0,0,0,0,0,0,0,0,0,0,1,0,1,0,0,0,0,0,0,36.719,44.308,9,94,BC,CTL,D,0.4,0.8,0.85,0,0,0,0,0,0,0,0,0,0,0,0,0.314315652,0.678538981,0.857446057,0.61163687,0.391257035,0.606953976,0.541597214,0.449123617,0.539735941,0.607359977,0.539735941,0.607359977,-0.067624036
2023-wimbledon-2503,Ons Jabeur,Elena Rybakina,0:00:54,1,1,2,0,0,0,0,0,15,2,1,2,0,2,0,0,0,1,0,1,0,0,0,0,0,0,0,0,0,0,0,0,0,0,0,1.171,1.282,1,114,W,CTL,,0.9,0.8,0,0,1,0,1,0,0,0,0,0,0,0,0,0.21635081,0.775620305,0.952024836,0.730674523,0.004379949,0.99324439,0.004478215,0.995117198,0.270483613,0.93837758,0.270483613,0.93837758,-0.667893967
2023-wimbledon-2503,Ons Jabeur,Elena Rybakina,0:01:14,1,1,3,0,0,0,0,0,30,2,1,2,0,3,0,0,0,0,0,1,B,0,0,0,0,0,0,0,0,0,0,0,0,0,0,12.622,7.731,3,116,C,NCTL,ND,0.5,0.4,0.45,0,1,0,2,0,0,0,0,0,0,0,0,0.146882164,0.849615881,0.925016066,0.792547162,0.340225144,0.665093522,0.008461131,0.999100984,0.205880813,0.839073379,0.205880813,0.839073379,-0.633192566
2023-wimbledon-2503,Ons Jabeur,Elena Rybakina,0:01:38,1,1,4,0,0,0,0,0,40,2,2,1,1,3,0,0,0,0,1,0,F,0,0,0,0,0,0,0,0,0,0,0,0,0,0,11.586,16.589,4,86,B,NCTL,ND,0.65,0.4,0.45,0,1,1,2,0,0,0,0,0,0,0,0,0.24751212,0.741603941,0.776069042,0.539841107,0.275102427,0.713699165,0.549725861,0.457254039,0.397851414,0.682822153,0.397851414,0.682822153,-0.284970739
2023-wimbledon-2503,Ons Jabeur,Elena Rybakina,0:02:15,1,1,5,0,0,0,0,15,40,2,2,2,1,4,2,0,0,0,0,0,0,0,0,1,0,0,0,0,0,0,0,0,0,0,0,8.417,5.974,1,94,BC,NCTL,ND,0.4,0.4,0.45,0,1,1,2,0,0,1,0,0,0,0,0,0.168867137,0.822038462,0.768031345,0.62617915,0.371006175,0.619994818,0.548419099,0.455946991,0.501998997,0.68503073,0.501998997,0.68503073,-0.183031733
2023-wimbledon-2503,Ons Jabeur,Elena Rybakina,0:03:12,1,2,6,0,0,0,1,0,0,1,1,1,2,4,0,0,1,0,1,0,0,0,0,0,0,0,0,0,0,0,0,0,0,0,0,0.637,0.552,1,97,W,CTL,,0.9,0.8,0,1,1,2,2,0,0,1,0,0,0,0,0,0.324607605,0.670721645,0.818103972,0.62359292,0.990779004,0.006123291,0.975562786,0.069783835,0.858187233,0.380937232,0.673411007,0.519155588,0.154255419
2023-wimbledon-2503,Ons Jabeur,Elena Rybakina,0:03:26,1,2,7,0,0,0,1,15,0,1,2,1,3,4,0,0,0,0,0,0,0,0,0,0,1,0,0,0,0,0,0,0,0,0,0,5.154,5.126,1,79,BW,NCTL,D,0.75,0.4,0.85,1,1,2,2,0,0,1,1,0,0,0,0,0.388867453,0.601828615,0.673509189,0.512484419,0.666680011,0.341837903,0.367937513,0.545255754,0.449152956,0.601884235,0.53922079,0.464854514,0.074366276
2023-wimbledon-2503,Ons Jabeur,Elena Rybakina,0:03:51,1,2,8,0,0,0,1,30,0,1,1,1,4,4,0,0,0,0,0,0,0,0,0,0,0,0,0,0,0,0,0,0,0,0,0,4.133,5.409,1,105,C,NCTL,ND,0.5,0.4,0.45,1,1,2,2,0,0,1,1,0,0,0,0,0.396470324,0.603942476,0.888236579,0.668206324,0.657728559,0.337082365,0.986503607,0.080727043,0.795443059,0.463556681,0.677316081,0.519194339,0.158121742
2023-wimbledon-2503,Ons Jabeur,Elena Rybakina,0:04:05,1,2,9,0,0,0,1,40,0,1,2,1,5,4,1,0,0,0,1,0,F,0,0,0,0,0,0,0,0,0,0,0,0,0,0,17.954,20.247,7,95,C,NCTL,D,0.5,0.4,0.85,1,1,3,2,0,0,1,1,0,0,0,0,0.492623105,0.494441128,0.831709495,0.630720948,0.569815299,0.434576659,0.405273341,0.58259973,0.580386855,0.465035349,0.652706983,0.459105196,0.193601787
2023-wimbledon-2503,Ons Jabeur,Elena Rybakina,0:04:52,1,3,10,0,0,1,1,0,0,2,1,2,5,5,0,0,0,0,0,0,0,0,0,0,0,0,0,0,0,0,0,0,0,0,0,6.283,5.65,1,103,W,CTL,ND,0.9,0.8,0.45,1,0,3,1,0,0,1,1,0,0,0,0,0.592852394,0.404886261,0.855078149,0.669749021,0.106462857,0.886759114,0.003300479,0.993939205,0.293648554,0.637795635,0.424031021,0.525827763,-0.101796742
2023-wimbledon-2503,Ons Jabeur,Elena Rybakina,0:05:14,1,3,11,0,0,1,1,0,15,2,1,2,5,6,0,0,0,0,0,0,0,0,0,0,0,0,0,0,0,0,0,0,0,0,0,20.624,14.392,3,110,BC,NCTL,ND,0.4,0.4,0.45,1,0,3,0,0,0,1,1,0,0,0,0,0.665413675,0.329964933,0.859508783,0.769575141,0.380089911,0.629122288,0.009359951,1,0.529708138,0.61833218,0.435065679,0.633161175,-0.198095496
2023-wimbledon-2503,Ons Jabeur,Elena Rybakina,0:05:38,1,3,12,0,0,1,1,0,30,2,2,1,6,6,0,0,0,0,0,0,0,0,1,0,1,0,0,0,0,0,0,0,0,0,0,12.065,6.48,0,0,BC,CTL,ND,0.4,0.8,0.45,1,0,2,0,0,1,1,2,0,0,0,0,0.650771437,0.346575665,0,0.0491843,0.30049326,0.70158403,0.545264984,0.452792187,0.462169411,0.484201711,0.479795789,0.555029437,-0.075233648
2023-wimbledon-2503,Ons Jabeur,Elena Rybakina,0:06:14,1,3,13,0,0,1,1,15,30,2,1,2,6,7,0,0,0,0,0,0,0,0,0,0,0,0,0,0,0,0,0,0,0,0,0,5.938,4.094,1,116,BW,NCTL,D,0.75,0.4,0.85,1,0,2,0,0,1,0,2,0,0,0,0,0.723714657,0.266704072,0.947212633,0.759984205,0.33810468,0.667201861,0.004659388,0.995298411,0.518974777,0.580570449,0.447899147,0.593958669,-0.146059522
2023-wimbledon-2503,Ons Jabeur,Elena Rybakina,0:06:34,1,3,14,0,0,1,1,15,40,2,1,2,6,8,2,0,0,0,0,1,F,0,0,0,0,0,0,0,0,0,0,0,0,0,0,18.153,15.455,5,112,BW,CTL,D,0.75,0.8,0.85,0,0,1,1,0,1,0,2,0,0,0,0,0.502603811,0.494601621,0.915062081,0.764363405,0.256183538,0.73732792,0.001872282,0.992510697,0.35101225,0.659619391,0.480538388,0.581660503,-0.101122115
2023-wimbledon-2503,Ons Jabeur,Elena Rybakina,0:08:22,1,4,15,0,0,1,2,0,0,1,2,2,6,9,0,0,0,0,0,0,0,0,0,0,0,0,0,0,0,0,0,0,0,0,0,12.245,17.1,4,81,BC,NCTL,ND,0.4,0.4,0.45,0,0,1,1,0,1,0,1,0,0,0,0,0.435732752,0.568537876,0.735157232,0.509584266,0.615244837,0.370422034,0.439740535,0.617074447,0.443491205,0.546680974,0.484028985,0.576474028,-0.092445043
2023-wimbledon-2503,Ons Jabeur,Elena Rybakina,0:08:57,1,4,16,0,0,1,2,0,15,1,2,2,6,10,0,0,0,0,0,0,0,0,0,1,0,0,0,0,0,0,0,0,0,0,0,10.109,15.309,4,79,B,NCTL,D,0.65,0.4,0.85,0,0,1,1,0,1,1,1,0,0,0,0,0.360449159,0.638142315,0.724392179,0.492931614,0.632088762,0.383108044,0.395627115,0.572951399,0.481820632,0.553938734,0.432964926,0.53678828,-0.103823354
2023-wimbledon-2503,Ons Jabeur,Elena Rybakina,0:09:45,1,4,17,0,0,1,2,0,30,1,1,2,6,11,0,0,0,0,0,0,0,0,0,0,0,0,0,0,0,0,0,0,0,0,0,23.88,22.124,6,93,BW,NCTL,D,0.75,0.4,0.85,0,0,0,1,0,1,1,1,0,0,0,0,0.251269744,0.738255466,0.773105214,0.645675468,0.664354757,0.339501454,0.923349339,0.017558992,0.57530965,0.470192076,0.610174801,0.52263735,0.087537451
2023-wimbledon-2503,Ons Jabeur,Elena Rybakina,0:10:14,1,4,18,0,0,1,2,0,40,1,2,2,6,12,2,0,0,0,0,0,0,0,0,0,0,0,0,0,0,0,1,0,1,0,0,7.364,12.612,2,82,W,CTL,D,0.9,0.8,0.85,0,0,0,1,0,1,1,1,0,1,0,0,0.234821183,0.75452494,0.741951434,0.502236037,0.791275806,0.200550058,0.424610381,0.601940991,0.585310111,0.635842678,0.562437342,0.591288575,-0.028851233
2023-wimbledon-2503,Ons Jabeur,Elena Rybakina,0:10:59,1,5,19,0,0,1,3,0,0,2,1,1,7,12,0,0,0,0,0,0,0,0,0,0,0,0,1,0,0,0,0,0,0,0,0,22.646,16.664,4,119,BC,NCTL,ND,0.4,0.4,0.45,0,0,0,1,0,1,1,1,0,1,0,0,0.237925551,0.757640655,0.934371561,0.830308693,0.373294639,0.6222943,0.002616472,0.993255049,0.38423273,0.834474777,0.548231479,0.67297354,-0.124742061
2023-wimbledon-2503,Ons Jabeur,Elena Rybakina,0:11:29,1,5,20,0,0,1,3,15,0,2,2,1,8,12,0,0,0,0,0,0,0,0,0,0,0,0,0,0,0,0,0,0,0,0,0,14.572,17.183,4,93,BW,NCTL,D,0.75,0.4,0.85,0,0,0,1,0,0,1,0,0,1,0,0,0.154798046,0.842701918,0.808526635,0.602366885,0.329576814,0.658632936,0.546770922,0.454298454,0.512669733,0.633179923,0.477357403,0.64287423,-0.165516827
2023-wimbledon-2503,Ons Jabeur,Elena Rybakina,0:12:14,1,5,21,0,0,1,3,30,0,2,2,1,9,12,0,0,0,0,1,0,F,0,0,0,0,0,0,0,0,0,0,0,0,0,0,28.528,33.007,6,95,BC,CTL,ND,0.4,0.8,0.45,0,0,1,1,0,0,1,0,0,1,0,0,0.250385391,0.744268683,0.834651675,0.62106657,0.301234753,0.702329093,0.549778207,0.457306396,0.557031306,0.547744483,0.529011132,0.633798416,-0.104787284
2023-wimbledon-2503,Ons Jabeur,Elena Rybakina,0:13:04,1,5,22,0,0,1,3,40,0,2,1,1,10,12,1,0,0,0,1,0,F,0,0,0,0,0,0,0,0,1,0,1,0,0,0,3.098,3.792,2,114,BC,NCTL,D,0.4,0.4,0.85,0,0,2,0,0,0,1,0,1,1,0,0,0.461418837,0.539704867,0.959338721,0.731995515,0.463815571,0.527420233,0.007435399,0.998075028,0.381880492,0.761639546,0.416572286,0.743956113,-0.327383827
2023-wimbledon-2503,Ons Jabeur,Elena Rybakina,0:14:37,1,6,23,0,0,2,3,0,0,1,1,1,11,12,0,0,0,0,0,0,0,0,0,0,0,0,0,0,0,0,0,0,0,0,0,4.681,6.406,1,105,C,NCTL,D,0.5,0.4,0.85,0,0,2,0,0,0,1,0,1,1,0,0,0.452036146,0.539231887,0.891336028,0.66568792,0.573551832,0.438331182,0.929275372,0.023486319,0.704258175,0.484168664,0.620630978,0.483479454,0.137151524
2023-wimbledon-2503,Ons Jabeur,Elena Rybakina,0:14:54,1,6,24,0,0,2,3,15,0,1,1,1,12,12,0,0,0,0,0,0,0,0,0,0,0,0,1,0,0,0,0,0,0,0,0,19.457,20.255,3,106,C,NCTL,D,0.5,0.4,0.85,0,0,2,0,0,0,0,0,1,1,0,0,0.534177347,0.467429054,0.886242999,0.6970535,0.561252592,0.425972725,0.98799012,0.08221388,0.670813904,0.35477663,0.671876701,0.416777683,0.255099018
2023-wimbledon-2503,Ons Jabeur,Elena Rybakina,0:15:19,1,6,25,0,0,2,3,30,0,1,2,1,13,12,0,0,0,0,0,0,0,0,0,0,0,0,0,0,0,0,0,0,0,0,0,10.879,11.319,3,86,BC,NCTL,ND,0.4,0.4,0.45,0,0,2,0,0,0,0,0,1,1,0,0,0.53034783,0.463101159,0.735378953,0.565639371,0.629191518,0.384435865,0.37445816,0.551777824,0.559812145,0.409413039,0.57614334,0.441621792,0.134521548
2023-wimbledon-2503,Ons Jabeur,Elena Rybakina,0:15:51,1,6,26,0,0,2,3,40,0,1,2,2,13,13,0,0,0,0,0,0,0,0,0,0,0,0,0,0,0,0,0,0,0,0,0,17.147,22.987,6,83,B,NCTL,ND,0.65,0.4,0.45,0,0,2,0,0,0,0,0,1,0,0,0,0.546450309,0.447058464,0.76293315,0.526942557,0.717796107,0.283397215,0.431914195,0.609246398,0.615872188,0.539004897,0.657756263,0.468502774,0.189253489
2023-wimbledon-2503,Ons Jabeur,Elena Rybakina,0:16:27,1,6,27,0,0,2,3,40,15,1,2,1,14,13,1,0,0,0,0,0,0,0,0,0,0,1,0,1,0,0,0,0,0,0,0,35.23,34.355,5,86,W,CTL,ND,0.9,0.8,0.45,0,0,2,0,0,0,0,0,1,0,0,0,0.541620972,0.448391593,0.710033906,0.600760572,0.884942986,0.108837388,0.440756939,0.618091072,0.61322132,0.48306013,0.666033046,0.465144182,0.200888864
2023-wimbledon-2503,Ons Jabeur,Elena Rybakina,0:17:28,1,7,28,0,0,3,3,0,0,2,2,2,14,14,0,0,0,0,0,0,0,0,0,1,0,0,0,0,0,0,0,0,0,0,0,3.674,4.197,1,94,BC,NCTL,ND,0.4,0.4,0.45,0,0,2,0,0,0,1,0,1,0,0,0,0.469110961,0.520525349,0.796627403,0.60294392,0.383003563,0.63204997,0.545924,0.453451347,0.51345129,0.525359611,0.618583655,0.531131656,0.087451999
2023-wimbledon-2503,Ons Jabeur,Elena Rybakina,0:18:11,1,7,29,0,0,3,3,0,15,2,2,2,14,15,0,0,0,0,0,0,0,0,0,1,0,0,0,0,0,0,0,0,0,0,0,14.098,14.926,5,96,B,NCTL,D,0.65,0.4,0.85,0,0,1,0,0,0,2,0,1,0,0,0,0.29349058,0.701399423,0.82248022,0.636392317,0.368161957,0.621375919,0.548018004,0.455545809,0.479089938,0.500074116,0.489905555,0.495680491,-0.005774936
2023-wimbledon-2503,Ons Jabeur,Elena Rybakina,0:18:51,1,7,30,0,0,3,3,0,30,2,2,2,14,16,0,0,0,0,0,0,0,0,0,1,0,1,0,0,0,0,0,0,0,0,0,22.116,12.523,3,95,BC,NCTL,ND,0.4,0.4,0.45,0,0,0,0,0,0,3,0,0,0,0,0,0.0922838,0.911043146,0.713650821,0.697592428,0.384702171,0.633756756,0.546680818,0.454208331,0.321048648,0.731103219,0.405272514,0.548620049,-0.143347535
2023-wimbledon-2503,Ons Jabeur,Elena Rybakina,0:19:45,1,7,31,0,0,3,3,0,40,2,2,2,14,17,2,0,0,0,0,0,0,0,0,0,0,0,0,0,0,0,0,0,0,0,0,5.04,3.431,1,96,BW,CTL,D,0.75,0.8,0.85,0,0,0,0,0,0,3,0,0,0,0,0,0.088376802,0.909713793,0.793686471,0.630733132,0.266150443,0.747342813,0.549584611,0.457112757,0.413940264,0.64399162,0.505902978,0.591571147,-0.085668169
2023-wimbledon-2503,Ons Jabeur,Elena Rybakina,0:21:35,1,8,32,0,0,3,4,0,0,1,1,1,15,17,0,0,1,0,1,0,0,0,0,0,0,0,0,0,0,0,0,0,0,0,0,4.873,5.637,1,108,C,CTL,D,0.5,0.8,0.85,1,0,1,0,0,0,3,0,0,0,0,0,0.236376265,0.754997393,0.906821571,0.691204825,0.641461926,0.354126617,0.976712753,0.070934052,0.777305265,0.476462708,0.617184812,0.581996922,0.03518789
2023-wimbledon-2503,Ons Jabeur,Elena Rybakina,0:21:50,1,8,33,0,0,3,4,15,0,1,2,1,16,17,0,0,0,0,0,0,0,0,0,0,1,0,0,0,0,0,0,0,0,0,0,3.631,5.531,1,89,C,NCTL,ND,0.5,0.4,0.45,1,0,1,0,0,0,3,1,0,0,0,0,0.312611158,0.68484025,0.768731986,0.562110834,0.664849638,0.34423773,0.374982777,0.552302556,0.453927318,0.589137333,0.478653916,0.560733312,-0.082079396
2023-wimbledon-2503,Ons Jabeur,Elena Rybakina,0:22:17,1,8,34,0,0,3,4,30,0,1,1,1,17,17,0,0,0,0,0,0,0,0,0,0,0,0,0,0,0,0,0,0,0,0,0,4.407,5.096,1,94,W,CTL,ND,0.9,0.8,0.45,1,0,1,0,0,0,3,1,0,0,0,0,0.306945808,0.682556082,0.797258202,0.602431375,0.887281176,0.111186836,0.958822557,0.053039952,0.688819374,0.400907752,0.624565992,0.546947169,0.077618823
2023-wimbledon-2503,Ons Jabeur,Elena Rybakina,0:22:33,1,8,35,0,0,3,4,40,0,1,1,1,18,17,1,0,0,0,0,0,0,0,0,0,0,0,0,0,0,0,0,0,0,0,0,3.212,3.347,1,106,BW,NCTL,ND,0.75,0.4,0.45,1,0,1,0,0,0,3,1,0,0,0,0,0.311287314,0.690761598,0.887717224,0.681328121,0.75495403,0.244706106,0.920756514,0.014965601,0.680759443,0.424919252,0.612270571,0.383013566,0.229257005
2023-wimbledon-2503,Ons Jabeur,Elena Rybakina,0:23:05,1,9,36,0,0,4,4,0,0,2,1,2,18,18,0,0,0,0,0,0,0,0,0,0,0,0,0,0,0,0,0,0,0,0,0,7.192,8.22,1,117,C,NCTL,ND,0.5,0.4,0.45,1,0,1,0,0,0,2,1,0,0,0,0,0.385686367,0.610891636,0.977039324,0.748448849,0.333808864,0.65864635,5.94E-05,0.990697419,0.361801857,0.715697452,0.488563267,0.601974946,-0.113411679
2023-wimbledon-2503,Ons Jabeur,Elena Rybakina,0:23:23,1,9,37,0,0,4,4,0,15,2,1,1,19,18,0,0,0,0,1,0,F,0,0,0,0,0,0,0,0,0,0,0,0,0,0,10.312,10.883,4,101,W,NCTL,D,0.9,0.4,0.85,1,0,2,0,0,0,1,1,0,0,0,0,0.557464558,0.428507697,0.858683248,0.663211436,0.280481155,0.723342802,0.005257675,0.995896829,0.475205603,0.613061371,0.452439259,0.695617714,-0.243178455
2023-wimbledon-2503,Ons Jabeur,Elena Rybakina,0:23:47,1,9,38,0,0,4,4,15,15,2,1,2,19,19,0,0,0,0,0,0,0,0,0,0,0,0,1,0,1,0,0,0,0,0,0,20.007,16.474,3,115,W,CTL,ND,0.9,0.8,0.45,1,0,2,0,0,0,0,1,0,0,0,0,0.639930499,0.35828453,0.921013033,0.783099953,0.107785935,0.888088562,0.001444883,0.992083205,0.393942523,0.759568921,0.464204563,0.69548343,-0.231278867
2023-wimbledon-2503,Ons Jabeur,Elena Rybakina,0:24:11,1,9,39,0,0,4,4,15,30,2,2,2,19,20,0,0,0,0,0,0,0,0,0,0,0,0,1,0,1,0,0,0,0,0,0,16.343,17.561,5,93,B,NCTL,ND,0.65,0.4,0.45,1,0,2,0,0,0,0,1,0,0,0,0,0.640450735,0.36033242,0.800009559,0.616551049,0.274471377,0.713065076,0.548911803,0.456439803,0.649832023,0.466766573,0.60208691,0.570741535,0.031345375
2023-wimbledon-2503,Ons Jabeur,Elena Rybakina,0:24:51,1,9,40,0,0,4,4,15,40,2,2,2,19,21,2,0,0,0,0,0,0,0,0,1,0,0,0,0,0,0,0,0,0,0,0,11.682,13.679,3,102,B,CTL,ND,0.65,0.8,0.45,0,0,1,0,0,0,1,1,0,0,0,0,0.412876736,0.577364498,0.872231789,0.657638847,0.210929865,0.801659257,0.546227192,0.453754606,0.589579625,0.541885824,0.547359629,0.650243887,-0.102884258
2023-wimbledon-2503,Ons Jabeur,Elena Rybakina,0:26:40,1,10,41,0,0,4,5,0,0,1,1,1,20,21,0,0,0,0,1,0,F,0,0,0,0,1,0,1,0,0,0,0,0,0,0,26.706,32.122,9,103,BC,CTL,ND,0.4,0.8,0.45,0,0,2,0,0,0,1,0,0,0,0,0,0.444377206,0.552971973,0.919928933,0.675165735,0.698189521,0.301324446,0.941849911,0.036063601,0.751315253,0.410392205,0.57176179,0.477704576,0.094057214
2023-wimbledon-2503,Ons Jabeur,Elena Rybakina,0:27:15,1,10,42,0,0,4,5,15,0,1,1,1,21,21,0,0,0,0,0,0,0,0,0,0,0,0,0,0,0,0,0,0,0,0,0,9.503,10.146,3,102,BW,CTL,ND,0.75,0.8,0.45,0,0,2,0,0,0,1,0,0,0,0,0,0.446241893,0.545973073,0.863396392,0.664817896,0.827768076,0.165429103,0.945431548,0.039646021,0.674184334,0.251948189,0.646363431,0.316789365,0.329574066
2023-wimbledon-2503,Ons Jabeur,Elena Rybakina,0:27:35,1,10,43,0,0,4,5,30,0,1,1,1,22,21,0,0,0,0,0,0,0,0,0,0,1,0,0,0,0,0,0,0,0,0,0,12.558,22.908,5,102,BC,NCTL,D,0.4,0.4,0.85,0,0,2,0,0,0,1,1,0,0,0,0,0.513294454,0.474822565,0.9478822,0.610697942,0.527094983,0.467678595,0.98040163,0.074623735,0.793506276,0.34504526,0.754373091,0.420062578,0.334310513
2023-wimbledon-2503,Ons Jabeur,Elena Rybakina,0:27:57,1,10,44,0,0,4,5,40,0,1,2,1,23,21,1,0,0,0,0,0,0,0,0,0,0,0,0,0,0,0,0,0,0,0,0,11.441,12.394,3,81,BW,CTL,ND,0.75,0.8,0.45,0,0,2,0,0,0,1,1,0,0,0,0,0.513084976,0.473754647,0.699907705,0.530961895,0.824257966,0.161902093,0.380778233,0.558099276,0.514934623,0.495171854,0.550042877,0.436987143,0.113055734
2023-wimbledon-2503,Ons Jabeur,Elena Rybakina,0:28:44,1,11,45,0,0,5,5,0,0,2,2,1,24,21,0,0,0,0,0,0,0,0,0,0,1,0,0,0,0,0,0,0,0,0,0,75.431,37.823,10,103,C,CTL,D,0.5,0.8,0.85,0,0,1,0,0,0,1,2,0,0,0,0,0.487240274,0.510506176,0.529088628,1,0.356019602,0.647574822,0.54907184,0.456599874,0.449199937,0.697017522,0.510177788,0.621116824,-0.110939036
2023-wimbledon-2503,Ons Jabeur,Elena Rybakina,0:29:42,1,11,46,0,0,5,5,15,0,2,1,2,24,22,0,0,0,1,0,1,0,0,0,0,0,0,0,0,0,0,0,0,0,0,0,0.958,1.14,1,115,W,CTL,,0.9,0.8,0,0,1,1,1,0,0,1,2,0,0,0,0,0.386117342,0.59951509,0.960620911,0.736389736,0.002028249,0.990881367,0.006028816,0.996668138,0.323106578,0.850497812,0.44110334,0.702237741,-0.261134401
2023-wimbledon-2503,Ons Jabeur,Elena Rybakina,0:30:05,1,11,47,0,0,5,5,15,15,2,1,1,25,22,0,0,0,0,1,0,F,0,0,0,0,0,1,0,0,0,0,0,0,0,0,17.289,11.738,4,109,BW,NCTL,ND,0.75,0.4,0.45,0,1,2,1,0,0,1,2,0,0,0,0,0.490475567,0.49718542,0.864910588,0.759749955,0.252070094,0.766583875,0.005427372,0.996066562,0.340939801,0.782898878,0.440189163,0.608729709,-0.168540546
2023-wimbledon-2503,Ons Jabeur,Elena Rybakina,0:30:35,1,11,48,0,0,5,5,30,15,2,1,1,26,22,0,0,0,0,0,0,0,0,0,0,1,0,0,0,0,0,0,0,0,0,0,12.077,10.961,2,114,C,NCTL,D,0.5,0.4,0.85,0,1,2,1,0,0,0,3,0,0,0,0,0.640519643,0.354581736,0.935978913,0.750976121,0.438115073,0.577623932,0.006341511,0.996980901,0.415341664,0.619968249,0.420419672,0.622947788,-0.202528116
2023-wimbledon-2503,Ons Jabeur,Elena Rybakina,0:31:02,1,11,49,0,0,5,5,40,15,2,1,1,27,22,1,0,0,0,1,0,B,0,0,0,0,0,1,0,0,1,0,1,0,0,0,27.45,18.506,6,120,C,NCTL,ND,0.5,0.4,0.45,0,1,2,1,0,0,0,3,1,0,0,0,0.670464569,0.324345145,0.922503221,0.867179433,0.342681869,0.667562075,0.004347805,0.99498676,0.405018473,0.782591628,0.43659637,0.736282071,-0.299685701
2023-wimbledon-2503,Ons Jabeur,Elena Rybakina,0:32:39,1,12,50,0,0,6,5,0,0,1,1,2,27,23,0,0,0,0,0,0,0,0,0,1,0,0,0,0,0,0,0,0,0,0,0,6.219,12.226,2,84,W,CTL,ND,0.9,0.8,0.45,0,1,2,1,0,0,1,3,1,0,0,0,0.589030972,0.401317101,0.764832319,0.509044179,0.886491637,0.110393495,0.970904104,0.065124136,0.850348341,0.216047833,0.679987549,0.411083485,0.268904064
2023-wimbledon-2503,Ons Jabeur,Elena Rybakina,0:32:56,1,12,51,0,0,6,5,0,15,1,1,1,28,23,0,0,0,0,0,0,0,0,0,0,1,0,0,0,0,0,0,0,0,0,0,10.56,11.074,3,110,C,CTL,ND,0.5,0.8,0.45,0,1,2,1,0,0,1,3,1,0,0,0,0.593968923,0.399210477,0.923846094,0.717298976,0.738607407,0.265908995,0.954952212,0.049168762,0.750970997,0.325374343,0.560147224,0.427833098,0.132314126
2023-wimbledon-2503,Ons Jabeur,Elena Rybakina,0:33:17,1,12,52,0,0,6,5,15,15,1,2,2,28,24,0,0,0,0,0,0,0,0,0,0,0,0,0,0,0,0,0,0,0,0,0,13.373,13.195,4,75,BC,NCTL,D,0.4,0.4,0.85,0,1,2,1,0,0,1,3,1,0,0,0,0.59603455,0.3978758,0.646463702,0.505451826,0.522920244,0.463483755,0.426203895,0.603534852,0.517719483,0.42254413,0.563075299,0.498061593,0.065013706
2023-wimbledon-2503,Ons Jabeur,Elena Rybakina,0:34:03,1,12,53,0,0,6,5,15,30,1,2,2,28,25,0,0,0,0,0,0,0,0,0,1,0,0,0,0,0,0,0,0,0,0,0,20.711,23.602,8,79,B,NCTL,D,0.65,0.4,0.85,0,1,2,1,0,0,2,2,1,0,0,0,0.443541494,0.547956437,0.713299439,0.530999873,0.633123074,0.384147337,0.379498138,0.556818902,0.534421605,0.511171554,0.586054127,0.462135843,0.123918284
2023-wimbledon-2503,Ons Jabeur,Elena Rybakina,0:34:49,1,12,54,0,0,6,5,15,40,1,1,1,29,25,0,0,0,0,0,0,0,0,0,0,0,0,0,0,0,0,1,0,0,0,1,5.298,7.1,1,97,W,CTL,D,0.9,0.8,0.85,0,0,2,0,0,0,2,2,1,0,0,1,0.582623018,0.415860443,0.828840021,0.61486953,0.801474193,0.210797547,0.912419774,0.006627041,0.696409388,0.244440531,0.579066298,0.390975093,0.188091205
2023-wimbledon-2503,Ons Jabeur,Elena Rybakina,0:35:18,1,12,55,0,0,6,5,30,40,1,2,1,30,25,0,0,0,0,0,0,0,0,0,0,0,0,0,0,0,0,1,0,0,0,1,41.933,43.466,13,80,B,CTL,ND,0.65,0.8,0.45,0,0,1,0,0,0,2,2,1,0,0,2,0.522526574,0.47074834,0.711869773,0.581180135,0.78674295,0.200234391,0.452512684,0.629849383,0.577395977,0.549602036,0.559507339,0.462035657,0.097471682
2023-wimbledon-2503,Ons Jabeur,Elena Rybakina,0:36:11,1,12,56,0,0,6,5,40,40,1,2,1,31,25,0,0,0,0,0,0,0,0,0,0,0,0,0,0,0,0,0,0,0,0,0,19.474,20.677,5,80,BW,NCTL,ND,0.75,0.4,0.45,0,0,1,0,0,0,2,1,1,0,0,2,0.450304496,0.547688768,0.695253192,0.536571557,0.761866088,0.251651443,0.425830181,0.603161057,0.619149415,0.570465198,0.644165976,0.511805528,0.132360448
2023-wimbledon-2503,Ons Jabeur,Elena Rybakina,0:36:50,1,12,57,0,0,6,5,AD,40,1,1,2,31,26,0,0,0,0,0,0,0,0,0,0,0,0,0,0,0,0,0,0,0,0,0,10.196,13.338,4,103,BW,NCTL,D,0.75,0.4,0.85,0,0,0,0,0,0,2,1,0,0,0,2,0.321415913,0.673281096,0.895220796,0.658923095,0.660527968,0.335656239,0.962763565,0.05698182,0.773652304,0.370335946,0.66940993,0.459775156,0.209634774
2023-wimbledon-2503,Ons Jabeur,Elena Rybakina,0:37:14,1,12,58,0,0,6,5,40,40,1,1,2,31,27,0,0,0,0,0,0,0,0,0,0,0,0,0,0,0,0,0,0,0,0,0,10.798,15.55,4,97,BW,NCTL,D,0.75,0.4,0.85,0,0,0,0,0,0,1,1,0,0,0,2,0.390888896,0.606120979,0.860768606,0.610717797,0.663333804,0.338475585,0.970279989,0.064499884,0.797288011,0.484913067,0.704055102,0.531044037,0.173011065
2023-wimbledon-2503,Ons Jabeur,Elena Rybakina,0:37:40,1,12,59,0,0,6,5,40,AD,1,2,2,31,28,2,0,0,0,0,0,0,0,0,0,0,0,0,0,0,0,1,0,1,0,0,22.416,19.982,6,86,C,NCTL,D,0.5,0.4,0.85,0,0,0,0,0,0,1,0,0,1,0,2,0.307742438,0.689310174,0.714338472,0.604526733,0.570248413,0.435011859,0.373283577,0.550602984,0.475368319,0.518858941,0.571268702,0.517727298,0.053541404
2023-wimbledon-2503,Ons Jabeur,Elena Rybakina,0:38:32,1,13,60,0,0,6,6,0,0,2,1,2,31,29,0,0,0,0,0,0,0,0,0,0,0,0,0,0,0,0,0,0,0,0,0,4.976,3.95,1,115,C,NCTL,ND,0.5,0.4,0.45,0,0,0,0,0,0,1,0,0,1,0,2,0.301203792,0.690177509,0.946948155,0.747499297,0.339941519,0.664808531,0.008787568,0.999427491,0.383214811,0.843640546,0.480776888,0.673763613,-0.192986725
2023-wimbledon-2503,Ons Jabeur,Elena Rybakina,0:39:05,1,13,61,0,0,6,6,0,1,1,1,1,32,29,0,0,0,0,1,0,F,0,0,0,0,0,0,0,0,0,0,0,0,0,0,5.408,7.379,3,103,BC,NCTL,ND,0.4,0.4,0.45,0,0,1,0,0,0,0,0,0,1,0,2,0.480671236,0.515586231,0.885929472,0.659208837,0.622308462,0.377519668,0.90902942,0.003235948,0.650024873,0.270199902,0.56036084,0.517458387,0.042902453
2023-wimbledon-2503,Ons Jabeur,Elena Rybakina,0:39:24,1,13,62,0,0,6,6,1,1,1,2,2,32,30,0,0,0,0,0,0,0,0,0,0,0,0,0,0,0,0,0,0,0,0,0,27.589,24.74,8,81,BC,NCTL,D,0.4,0.4,0.85,0,0,1,0,0,0,0,0,0,1,0,1,0.444020676,0.553311706,0.675822949,0.586850353,0.527128965,0.46771274,0.434242365,0.611575077,0.50453595,0.519734169,0.500577541,0.468967403,0.031610138
2023-wimbledon-2503,Ons Jabeur,Elena Rybakina,0:40:17,1,13,63,0,0,6,6,1,2,2,1,1,33,30,0,0,0,0,0,0,0,0,0,0,0,0,0,0,0,0,0,0,0,0,0,11.43,8.188,2,116,W,NCTL,D,0.9,0.4,0.85,0,0,1,0,0,0,0,0,0,1,0,0,0.403738575,0.589981054,0.935041446,0.777137452,0.27250919,0.715332454,0.00358743,0.994226219,0.354198397,0.742878258,0.383221495,0.683387253,-0.300165758
2023-wimbledon-2503,Ons Jabeur,Elena Rybakina,0:40:44,1,13,64,0,0,6,6,2,2,2,1,2,33,31,0,0,0,1,0,1,0,0,0,0,0,0,0,0,0,0,0,0,0,0,0,8.18,3.233,1,115,W,CTL,D,0.9,0.8,0.85,0,1,1,1,0,0,0,0,0,1,0,0,0.309934662,0.688683826,0.912122388,0.775796369,0.210229352,0.805194384,0.008629825,0.999269714,0.303978636,0.742693544,0.42316855,0.714811467,-0.291642917
2023-wimbledon-2503,Ons Jabeur,Elena Rybakina,0:41:10,1,13,65,0,0,6,6,2,3,1,1,1,34,31,0,0,0,0,0,0,0,0,0,0,0,0,0,0,0,0,0,0,0,0,0,4.829,6.222,1,109,C,CTL,ND,0.5,0.8,0.45,0,1,1,1,0,0,0,0,0,1,0,0,0.304341323,0.689085838,0.919766786,0.693386219,0.736303016,0.263593509,0.92189586,0.016105196,0.678378581,0.314045544,0.561428311,0.449248605,0.112179706
2023-wimbledon-2503,Ons Jabeur,Elena Rybakina,0:41:58,1,13,66,0,0,6,6,3,3,1,1,2,34,32,0,0,0,0,0,0,0,0,0,0,0,0,0,0,0,0,0,0,0,0,0,7.54,8.977,2,96,W,NCTL,D,0.9,0.4,0.85,0,1,1,1,0,0,0,0,0,1,0,0,0.309815537,0.687760955,0.820365342,0.61631944,0.721239045,0.282617717,0.905971387,0.000177247,0.648061797,0.433263661,0.596106814,0.469001621,0.127105193
2023-wimbledon-2503,Ons Jabeur,Elena Rybakina,0:42:28,1,13,67,0,0,6,6,3,4,2,1,2,34,33,0,0,0,0,0,0,0,0,0,0,0,0,0,0,0,0,0,0,0,0,0,49.453,25.715,9,114,BC,NCTL,ND,0.4,0.4,0.45,0,1,1,1,0,0,0,0,0,0,0,0,0.3169026,0.672672323,0.747996509,0.95456429,0.372769584,0.621766717,0.00194881,0.992587241,0.385678614,0.791967689,0.503968308,0.703042084,-0.199073776
2023-wimbledon-2503,Ons Jabeur,Elena Rybakina,0:43:03,1,13,68,0,0,6,6,3,5,2,1,2,34,34,0,0,0,0,0,1,F,0,0,0,0,0,1,0,1,0,0,0,0,0,0,24.06,15.693,5,113,W,NCTL,ND,0.9,0.4,0.45,0,1,1,2,0,0,0,0,0,0,0,0,0.248070113,0.751065668,0.8712879,0.81263116,0.190644135,0.818904073,0.003592581,0.994231371,0.324685842,0.839772882,0.486704989,0.652885449,-0.16618046
2023-wimbledon-2503,Ons Jabeur,Elena Rybakina,0:43:34,1,13,69,0,0,6,6,3,6,1,2,1,35,34,0,0,0,0,0,0,0,0,0,0,0,0,0,0,0,0,0,0,0,0,0,9.243,12.264,3,80,B,NCTL,D,0.65,0.4,0.85,0,1,0,2,0,0,0,0,0,0,0,0,0.145007567,0.846108428,0.710953938,0.509286666,0.622077054,0.373048133,0.42445766,0.601788236,0.488698486,0.692259354,0.473715771,0.570193499,-0.096477728
2023-wimbledon-2503,Ons Jabeur,Elena Rybakina,0:44:06,1,13,70,0,0,6,6,4,6,1,2,1,36,34,0,0,0,0,1,0,F,0,0,0,0,0,0,0,0,0,0,0,0,0,0,16.32,20.142,5,80,BC,NCTL,ND,0.4,0.4,0.45,0,1,1,2,0,0,0,0,0,0,0,0,0.24998839,0.742693235,0.719499448,0.516870683,0.619455313,0.374652782,0.437882678,0.615216184,0.570459805,0.527528275,0.525281929,0.590485292,-0.065203363
2023-wimbledon-2503,Ons Jabeur,Elena Rybakina,0:44:50,1,13,71,0,0,6,6,5,6,2,1,2,36,35,2,2,0,0,0,0,0,0,0,0,0,0,0,0,0,0,0,0,0,0,0,6.253,4.906,1,116,C,NCTL,D,0.5,0.4,0.85,0,1,1,2,0,0,0,0,0,0,0,0,0.250175769,0.749529189,0.950926599,0.756966486,0.424797434,0.564242173,0.007448323,0.998087955,0.248208961,0.713358679,0.410435402,0.703373266,-0.292937864
2023-wimbledon-2503,Ons Jabeur,Elena Rybakina,0:46:58,2,1,72,0,0,6,7,0,0,1,1,1,37,35,0,0,0,0,0,0,0,0,0,0,0,0,0,0,0,0,0,0,0,0,0,8.909,13.676,1,99,BW,NCTL,D,0.75,0.4,0.85,0,0,1,1,0,0,0,0,0,0,0,0,0.350261723,0.650393259,0.86494486,0.610932778,0.657933484,0.333049264,0.912377465,0.006584723,0.718574554,0.432647509,0.643105927,0.495349367,0.14775656
2023-wimbledon-2503,Ons Jabeur,Elena Rybakina,0:47:26,2,1,73,0,1,0,0,15,0,1,1,1,38,35,0,0,1,0,1,0,0,0,0,0,0,0,0,0,0,0,0,0,0,0,0,0.715,1.354,1,107,C,CTL,,0.5,0.8,0,1,0,2,1,0,0,0,0,0,0,0,0,0.488647828,0.498762021,0.902033647,0.682395364,0.837361979,0.156079358,0.938614544,0.032827528,0.820316845,0.346537401,0.680547424,0.405684636,0.274862788
2023-wimbledon-2503,Ons Jabeur,Elena Rybakina,0:47:39,2,1,74,0,1,0,0,30,0,1,2,1,39,35,0,0,0,0,0,0,0,0,0,0,1,0,0,0,0,0,0,0,0,0,0,9.239,14.034,1,86,W,NCTL,D,0.9,0.4,0.85,1,0,2,1,0,0,0,1,0,0,0,0,0.570728817,0.434363794,0.763256496,0.528460434,0.727085518,0.288492339,0.415974505,0.593303229,0.622896066,0.565602034,0.560223044,0.496851515,0.063371529
2023-wimbledon-2503,Ons Jabeur,Elena Rybakina,0:48:18,2,1,75,0,1,0,0,40,0,1,1,1,40,35,1,0,0,0,0,0,0,0,0,0,0,0,0,0,0,0,0,0,0,0,0,4.279,4.516,1,100,B,NCTL,ND,0.65,0.4,0.45,1,0,2,1,0,0,0,1,0,0,0,0,0.566108108,0.431795813,0.840616305,0.643400328,0.712919467,0.278497096,1,0.094226382,0.797757561,0.272297881,0.714449874,0.42867552,0.285774354
2023-wimbledon-2503,Ons Jabeur,Elena Rybakina,0:49:10,2,2,76,0,1,1,0,0,0,2,2,1,41,35,0,0,0,0,0,0,0,0,0,0,1,0,0,0,0,0,0,0,0,0,0,14.646,7.139,2,102,BC,NCTL,ND,0.4,0.4,0.45,1,0,2,0,0,0,0,2,0,0,0,0,0.708836976,0.288074237,0.788012348,0.71880613,0.36932527,0.618305819,0.543521351,0.451048174,0.530198377,0.576472353,0.608047748,0.473702997,0.134344751
2023-wimbledon-2503,Ons Jabeur,Elena Rybakina,0:49:44,2,2,77,0,1,1,0,15,0,2,1,1,42,35,0,0,0,0,0,0,0,0,0,0,1,0,1,0,0,0,0,0,0,0,0,16.671,16.736,4,107,W,CTL,ND,0.9,0.8,0.45,1,0,2,0,0,0,0,3,0,0,0,0,0.784569461,0.215519174,0.895304699,0.709654139,0.10617776,0.886472644,0.005139819,0.995778947,0.409350573,0.629904876,0.532977531,0.591332558,-0.058355027
2023-wimbledon-2503,Ons Jabeur,Elena Rybakina,0:50:17,2,2,78,0,1,1,0,30,0,2,1,1,43,35,0,0,0,0,0,0,0,0,0,0,0,0,0,0,0,0,0,0,0,0,0,67.26,45.261,8,116,W,NCTL,ND,0.9,0.4,0.45,1,0,1,0,0,0,0,3,0,0,0,0,0.681168315,0.319234358,0.755928758,0.966254926,0.192897198,0.821167984,0.005645443,0.996284681,0.341522277,0.845732734,0.440748003,0.776328646,-0.335580643
2023-wimbledon-2503,Ons Jabeur,Elena Rybakina,0:51:00,2,2,79,0,1,1,0,40,0,2,2,2,43,36,0,0,0,0,0,0,0,0,0,0,0,0,0,0,0,1,0,0,0,1,0,5.913,5.848,1,90,W,NCTL,D,0.9,0.4,0.85,1,0,1,0,0,0,0,3,0,0,1,0,0.666250851,0.330637491,0.75843727,0.583175431,0.279282971,0.722138849,0.545252647,0.452779848,0.57249174,0.475463322,0.455206246,0.542609795,-0.087403549
2023-wimbledon-2503,Ons Jabeur,Elena Rybakina,0:51:33,2,2,80,0,1,1,0,40,15,2,1,2,43,37,0,0,0,1,0,1,0,0,0,0,0,0,0,0,0,1,0,0,0,1,0,0.746,1.072,1,107,W,CTL,,0.9,0.8,0,1,1,1,1,0,0,0,3,0,0,2,0,0.549529979,0.45151713,0.899471907,0.684476862,0.011103188,1,0.003475272,0.994114036,0.398092991,0.74339068,0.451966469,0.669891712,-0.217925243
2023-wimbledon-2503,Ons Jabeur,Elena Rybakina,0:51:56,2,2,81,0,1,1,0,40,30,2,1,2,43,38,0,0,0,1,0,1,0,0,0,0,0,0,0,0,0,1,0,0,0,1,0,1.161,0.916,1,111,C,CTL,,0.5,0.8,0,0,2,0,2,0,0,0,3,0,0,3,0,0.285151675,0.714267313,0.925710265,0.713956558,0.163287406,0.84880519,0.003428251,0.994067006,0.365922929,0.799028759,0.413512596,0.720975615,-0.307463019
2023-wimbledon-2503,Ons Jabeur,Elena Rybakina,0:52:18,2,2,82,0,1,1,0,40,40,2,1,2,43,39,0,0,0,0,0,1,F,0,0,0,0,0,0,0,0,0,0,0,0,0,0,9.761,9.015,3,112,BW,CTL,ND,0.75,0.8,0.45,0,2,0,3,0,0,0,2,0,0,3,0,0.141059934,0.849092407,0.930060703,0.737649013,0.172262954,0.838834113,0.007693111,0.998332795,0.214568391,0.770808507,0.42313718,0.60441456,-0.18127738
2023-wimbledon-2503,Ons Jabeur,Elena Rybakina,0:52:42,2,2,83,0,1,1,0,40,AD,2,1,2,43,40,2,0,0,0,0,0,0,0,0,0,0,0,0,0,0,0,0,0,0,0,0,19.617,13.064,3,90,B,NCTL,D,0.65,0.4,0.85,0,2,0,3,0,0,0,2,0,0,3,0,0.139502616,0.858210295,0.701591387,0.643892089,0.380936567,0.634212034,0.003798147,0.994436982,0.216887995,0.737205325,0.432836857,0.573473824,-0.140636967
2023-wimbledon-2503,Ons Jabeur,Elena Rybakina,0:53:13,2,3,84,0,1,1,1,0,0,1,2,1,44,40,0,0,0,0,0,0,0,0,0,0,1,0,0,0,0,0,0,0,0,0,0,5.743,4.798,1,84,B,NCTL,ND,0.65,0.4,0.45,0,2,0,3,0,0,0,2,0,0,3,0,0.146523628,0.850628086,0.704594969,0.550725231,0.7122907,0.277865301,0.445671135,0.623006341,0.479123903,0.670191642,0.425177442,0.724678233,-0.299500791
2023-wimbledon-2503,Ons Jabeur,Elena Rybakina,0:53:36,2,3,85,0,1,1,1,15,0,1,1,2,44,41,0,0,0,0,0,1,F,0,0,0,0,0,1,0,1,0,0,0,0,0,0,24.819,29.706,8,102,C,CTL,ND,0.5,0.8,0.45,0,2,0,4,0,0,0,1,0,0,3,0,0,1,0.905198019,0.667171517,0.732015144,0.259284992,0.950930052,0.045145725,0.521922873,0.546133678,0.532969207,0.517603539,0.015365668
2023-wimbledon-2503,Ons Jabeur,Elena Rybakina,0:54:03,2,3,86,0,1,1,1,15,15,1,1,1,45,41,0,0,0,0,1,0,F,0,0,0,0,0,0,0,0,0,0,0,0,0,0,6.644,9.685,3,103,C,CTL,ND,0.5,0.8,0.45,0,2,1,4,0,0,0,1,0,0,3,0,0.102190905,0.898098235,0.893383594,0.653152119,0.741347667,0.268662448,0.97795641,0.072177981,0.683754767,0.551606533,0.657911713,0.484818369,0.173093344
2023-wimbledon-2503,Ons Jabeur,Elena Rybakina,0:54:20,2,3,87,0,1,1,1,30,15,1,1,1,46,41,0,0,0,0,1,0,F,0,0,0,0,1,0,1,0,0,0,0,0,0,0,13.632,26.489,5,105,W,CTL,ND,0.9,0.8,0.45,0,2,2,4,0,0,0,1,0,0,2,0,0.218145007,0.778174489,0.990561374,0.614119134,0.888402304,0.112313361,0.950755045,0.044970679,0.660050438,0.393583959,0.634635077,0.379490388,0.255144689
2023-wimbledon-2503,Ons Jabeur,Elena Rybakina,0:54:42,2,3,88,0,1,1,1,40,15,1,1,2,46,42,0,0,0,0,0,0,0,0,0,0,0,0,0,0,0,0,0,0,0,0,0,23.287,39.85,6,103,BC,CTL,ND,0.4,0.8,0.45,0,1,2,3,0,0,0,1,0,0,1,0,0.331468571,0.656590284,1,0.588314095,0.693271161,0.296382406,0.955325704,0.049542336,0.809219652,0.434773547,0.780519969,0.383575464,0.396944505
2023-wimbledon-2503,Ons Jabeur,Elena Rybakina,0:55:14,2,3,89,0,1,1,1,40,30,1,2,2,46,43,0,0,0,0,0,0,0,1,0,1,0,0,0,0,0,0,0,0,0,0,0,2.899,2.62,0,0,W,CTL,D,0.9,0.8,0.85,0,0,2,2,1,0,1,1,0,0,0,0,0.360291155,0.633269306,0.051818076,0.007080422,0.791422388,0.200697346,0.389038651,0.566361497,0.480756893,0.402729622,0.579843585,0.417879171,0.161964414
2023-wimbledon-2503,Ons Jabeur,Elena Rybakina,0:55:40,2,3,90,0,1,1,1,40,40,1,1,1,47,43,0,0,0,0,0,0,0,0,0,0,0,1,0,1,0,0,0,0,0,0,0,21.854,36.62,5,94,W,NCTL,ND,0.9,0.4,0.45,0,0,2,1,1,0,1,1,0,0,0,0,0.431363502,0.567137342,0.912052627,0.538212204,0.808783536,0.184752879,0.905794178,0,0.750690226,0.397706804,0.626531277,0.430617498,0.195913779
2023-wimbledon-2503,Ons Jabeur,Elena Rybakina,0:56:04,2,3,91,0,1,1,1,AD,40,1,1,1,48,43,1,0,0,0,1,0,F,0,0,0,0,0,0,0,0,0,0,0,0,0,0,18.114,20.927,5,108,C,NCTL,ND,0.5,0.4,0.45,0,0,3,1,1,0,1,1,0,0,0,0,0.532191598,0.456264373,0.928414721,0.702714731,0.662077647,0.341452393,0.922971649,0.01718122,0.783313581,0.323613966,0.646421528,0.396830819,0.249590709
2023-wimbledon-2503,Ons Jabeur,Elena Rybakina,0:58:03,2,4,92,0,1,2,1,0,0,2,2,1,49,43,0,0,0,0,1,0,B,0,0,0,0,0,0,0,0,0,0,0,0,0,0,5.249,5.162,2,102,BC,NCTL,ND,0.4,0.4,0.45,0,0,4,1,1,0,1,0,0,0,0,0,0.568157568,0.432675877,0.857153407,0.662626764,0.371964409,0.620957666,0.541943759,0.449470237,0.661990329,0.560881531,0.620716814,0.454331334,0.16638548
2023-wimbledon-2503,Ons Jabeur,Elena Rybakina,0:58:32,2,4,93,0,1,2,1,15,0,2,1,2,49,44,0,0,0,0,0,1,F,0,0,0,0,0,0,0,0,0,0,0,0,0,0,35.949,20.381,7,111,C,NCTL,ND,0.5,0.4,0.45,0,0,4,1,1,0,1,0,0,0,0,0,0.561731656,0.427379323,0.794807813,0.863901641,0.332709586,0.657541779,0.000295026,0.990933096,0.481753064,0.689965217,0.534945144,0.600579607,-0.065634463
2023-wimbledon-2503,Ons Jabeur,Elena Rybakina,0:59:03,2,4,94,0,1,2,1,15,15,2,1,2,49,45,0,0,0,0,0,0,0,0,0,0,0,0,0,0,0,0,0,0,0,0,0,13.533,9.443,1,109,W,CTL,D,0.9,0.8,0.85,0,0,3,1,1,0,1,0,0,0,0,0,0.456896806,0.529740681,0.866965757,0.736288779,0.204115247,0.799050841,0.003969044,0.994607916,0.338181212,0.77630197,0.469246231,0.783071843,-0.313825612
2023-wimbledon-2503,Ons Jabeur,Elena Rybakina,0:59:23,2,4,95,0,1,2,1,15,30,2,2,1,50,45,0,0,0,0,0,0,0,0,1,0,1,0,0,0,0,0,0,0,0,0,0,4.252,4.525,0,0,B,CTL,ND,0.65,0.8,0.45,0,0,2,1,1,1,1,1,0,0,0,0,0.440380325,0.552578436,0.054968839,0.004520324,0.199190541,0.789863411,0.545180162,0.452707347,0.419848546,0.499071026,0.442796436,0.577070845,-0.134274409
2023-wimbledon-2503,Ons Jabeur,Elena Rybakina,0:59:53,2,4,96,0,1,2,1,30,30,2,2,2,50,46,0,0,0,0,0,0,0,0,0,0,0,0,0,0,0,0,0,0,0,0,0,10.25,9.347,1,103,B,NCTL,ND,0.65,0.4,0.45,0,0,2,1,1,1,1,1,0,0,0,0,0.44445957,0.547418335,0.849041738,0.674653802,0.281169239,0.719795186,0.542702893,0.450229537,0.500467161,0.61128848,0.503854357,0.633347421,-0.129493064
2023-wimbledon-2503,Ons Jabeur,Elena Rybakina,1:00:25,2,4,97,0,1,2,1,30,40,2,1,2,50,47,2,0,0,0,0,1,F,0,0,0,0,0,0,0,0,0,0,0,0,0,0,11.836,7.663,3,107,C,CTL,ND,0.5,0.8,0.45,0,0,2,2,0,1,0,1,0,0,0,0,0.462468888,0.528381189,0.861252233,0.730059117,0.259122284,0.736041802,0.005212665,0.995851809,0.40933455,0.807347914,0.422946058,0.688472168,-0.26552611
2023-wimbledon-2503,Ons Jabeur,Elena Rybakina,1:00:54,2,5,98,0,1,2,2,0,0,1,1,2,50,48,0,0,0,0,0,0,0,0,0,0,0,0,0,0,0,0,0,0,0,0,0,7.769,10.777,2,86,W,CTL,D,0.9,0.8,0.85,0,0,2,2,0,1,0,1,0,0,0,0,0.458551682,0.527553073,0.754700147,0.542676509,0.794842123,0.204133546,0.937270405,0.031483097,0.691976045,0.409215002,0.628728361,0.414992563,0.213735798
2023-wimbledon-2503,Ons Jabeur,Elena Rybakina,1:01:26,2,5,99,0,1,2,2,0,15,1,2,2,50,49,0,0,0,0,0,0,0,1,0,1,0,0,0,0,0,0,0,0,0,0,0,2.871,3.666,0,0,W,CTL,,0.9,0.8,0,0,0,1,2,1,1,1,1,0,0,0,0,0.273968076,0.726305286,0.060532092,0,0.984685053,0,0.393822224,0.571146114,0.473607482,0.396687085,0.539066507,0.426248767,0.11281774
2023-wimbledon-2503,Ons Jabeur,Elena Rybakina,1:01:54,2,5,100,0,1,2,2,0,30,1,2,1,51,49,0,0,0,0,0,0,0,0,0,0,1,0,0,0,0,0,0,0,0,0,0,17.121,15.117,5,80,B,CTL,D,0.65,0.8,0.85,0,0,0,2,1,1,1,2,0,0,0,0,0.240143504,0.75330941,0.671599174,0.555791219,0.706633029,0.305569594,0.391503272,0.568826656,0.528748599,0.660840805,0.514455223,0.6238556,-0.109400377
2023-wimbledon-2503,Ons Jabeur,Elena Rybakina,1:02:27,2,5,101,0,1,2,2,15,30,1,2,2,51,50,0,0,0,0,0,0,0,0,0,0,0,0,0,0,0,0,0,0,0,0,0,11.009,13.436,4,80,B,NCTL,ND,0.65,0.4,0.45,0,0,0,1,1,1,1,2,0,0,0,0,0.307022771,0.683231422,0.708904261,0.518215857,0.718014778,0.283616939,0.379278661,0.556599377,0.576570521,0.462684672,0.567680654,0.539783904,0.02789675
2023-wimbledon-2503,Ons Jabeur,Elena Rybakina,1:02:57,2,5,102,0,1,2,2,15,40,1,1,1,52,50,0,0,0,0,0,0,0,0,0,0,0,0,0,0,0,0,1,0,0,0,1,10.791,27.906,3,96,W,CTL,D,0.9,0.8,0.85,0,0,0,1,1,1,1,2,0,0,0,1,0.350621594,0.645113697,0.948486156,0.519480858,0.802442123,0.211770138,0.932478265,0.026689911,0.815956256,0.389537417,0.675671268,0.509857907,0.165813361
2023-wimbledon-2503,Ons Jabeur,Elena Rybakina,1:03:15,2,5,103,0,1,2,2,30,40,1,1,1,53,50,0,0,1,0,1,0,0,0,0,0,0,0,0,0,0,0,1,0,0,0,1,0.944,2.291,1,108,C,NCTL,,0.5,0.4,0,1,0,1,1,1,0,1,1,0,0,0,2,0.449432083,0.539231787,0.915352713,0.684272993,0.771467844,0.242309588,0.964712363,0.058931043,0.760911173,0.354698059,0.60432225,0.506521914,0.097800336
2023-wimbledon-2503,Ons Jabeur,Elena Rybakina,1:03:39,2,5,104,0,1,2,2,40,40,1,1,2,53,51,0,0,0,0,0,0,0,0,0,0,0,0,0,0,0,0,0,0,0,0,0,23.944,30.373,6,93,W,NCTL,D,0.9,0.4,0.85,1,0,1,1,1,0,1,1,0,0,0,2,0.453412295,0.54089475,0.839245715,0.591934153,0.718577427,0.279943283,0.99636338,0.090588968,0.674120669,0.415341159,0.701733683,0.418479857,0.283253826
2023-wimbledon-2503,Ons Jabeur,Elena Rybakina,1:04:04,2,5,105,0,1,2,2,40,AD,1,1,1,54,51,0,0,0,0,0,0,0,0,0,0,0,0,0,0,0,0,1,0,0,0,1,7.275,10.785,3,107,C,CTL,D,0.5,0.8,0.85,1,0,1,0,1,0,1,1,0,0,0,3,0.561388355,0.435337355,0.927824005,0.67596738,0.638503439,0.351153886,0.920946239,0.015155368,0.858434418,0.401313069,0.741751507,0.482678911,0.259072596
2023-wimbledon-2503,Ons Jabeur,Elena Rybakina,1:04:24,2,5,106,0,1,2,2,40,40,1,2,1,55,51,0,0,0,0,0,0,0,0,0,0,0,0,0,0,0,0,0,0,0,0,0,21.331,23.447,7,82,B,NCTL,D,0.65,0.4,0.85,1,0,1,0,1,0,1,1,0,0,0,3,0.561327667,0.429464056,0.725403922,0.552000238,0.629092038,0.380096892,0.445105042,0.622440125,0.599408653,0.595502273,0.535003065,0.503191487,0.031811578
2023-wimbledon-2503,Ons Jabeur,Elena Rybakina,1:05:01,2,5,107,0,1,2,2,AD,40,1,1,1,56,51,1,0,0,0,0,0,0,0,0,0,0,0,0,0,0,0,0,0,0,0,0,21.576,31.504,7,105,W,NCTL,D,0.9,0.4,0.85,1,0,1,0,0,0,0,1,0,0,0,3,0.650480232,0.344858789,0.96809557,0.646900856,0.717543006,0.278903883,0.939832582,0.034045832,0.824471874,0.403126661,0.650561574,0.476828394,0.17373318
2023-wimbledon-2503,Ons Jabeur,Elena Rybakina,1:07:01,2,6,108,0,1,3,2,0,0,2,1,1,57,51,0,0,0,0,1,0,B,0,0,0,0,0,0,0,0,0,0,0,0,0,0,33.402,24.097,8,109,BW,NCTL,ND,0.75,0.4,0.45,1,0,2,0,0,0,0,0,0,0,0,3,0.681284298,0.314892722,0.836778233,0.811663457,0.250068842,0.764572987,0.001820462,0.992458865,0.335986956,0.709658065,0.44562502,0.613742429,-0.168117409
2023-wimbledon-2503,Ons Jabeur,Elena Rybakina,1:07:39,2,6,109,0,1,3,2,15,0,2,2,2,57,52,0,0,0,0,0,0,0,0,0,0,0,0,0,0,0,0,0,0,0,0,0,16.534,9.003,3,104,C,NCTL,D,0.5,0.4,0.85,1,0,2,0,0,0,0,0,0,0,0,3,0.686832955,0.311776704,0.806084417,0.736785355,0.424094363,0.563535717,0.548870193,0.456398183,0.539794865,0.595359945,0.502560595,0.685170604,-0.182610009
2023-wimbledon-2503,Ons Jabeur,Elena Rybakina,1:08:16,2,6,110,0,1,3,2,15,15,2,1,2,57,53,0,0,0,1,0,1,0,0,0,0,0,0,0,0,0,0,0,0,0,0,0,0.507,0.65,1,120,C,NCTL,,0.5,0.4,0,1,1,2,1,0,0,0,0,0,0,0,2,0.552241181,0.446987637,0.999818211,0.768039674,0.232894647,0.766305944,0.007867847,0.99850757,0.326470664,0.7850788,0.399959753,0.702326017,-0.302366264
2023-wimbledon-2503,Ons Jabeur,Elena Rybakina,1:08:37,2,6,111,0,1,3,2,15,30,2,1,2,57,54,0,0,0,0,0,1,F,0,0,0,0,0,1,0,1,0,0,0,0,0,0,41.137,19.921,3,117,W,CTL,ND,0.9,0.8,0.45,0,1,1,2,0,0,0,0,0,0,0,1,0.29231402,0.705419718,0.77309719,0.928686013,0.119001564,0.899358191,0.001434479,0.992072798,0.335105153,0.918679883,0.447602032,0.750095696,-0.302493664
2023-wimbledon-2503,Ons Jabeur,Elena Rybakina,1:09:04,2,6,112,0,1,3,2,15,40,2,1,2,57,55,2,0,0,0,0,0,0,0,0,0,0,0,0,0,0,0,0,0,0,0,0,7.033,8.078,1,115,C,NCTL,ND,0.5,0.4,0.45,0,1,1,2,0,0,0,0,0,0,0,1,0.291401289,0.707911683,0.961701338,0.735511854,0.336041343,0.660889577,0.002750779,0.993389386,0.240622791,0.762418609,0.36624473,0.729286368,-0.363041638
2023-wimbledon-2503,Ons Jabeur,Elena Rybakina,1:09:29,2,7,113,0,1,3,3,0,0,1,1,1,58,55,0,0,1,0,1,0,0,0,0,0,0,0,0,0,0,0,0,0,0,0,0,0.892,0.834,1,95,W,CTL,,0.9,0.8,0,1,1,2,2,0,0,0,0,0,0,0,0,0.398040123,0.594512595,0.80244481,0.610916891,1,0.015388684,0.922594227,0.016803715,0.824720297,0.297330042,0.591490316,0.477384707,0.114105609
2023-wimbledon-2503,Ons Jabeur,Elena Rybakina,1:09:43,2,7,114,0,1,3,3,15,0,1,2,1,59,55,0,0,0,0,0,0,0,0,0,0,1,0,0,0,0,0,0,0,0,0,0,17.047,14.73,5,77,BW,NCTL,ND,0.75,0.4,0.45,1,1,2,2,0,0,0,1,0,0,0,0,0.464423279,0.53046025,0.645694554,0.538740155,0.758956888,0.248728235,0.456788852,0.634126485,0.500947289,0.561362821,0.575580758,0.523293984,0.052286774
2023-wimbledon-2503,Ons Jabeur,Elena Rybakina,1:10:16,2,7,115,0,1,3,3,30,0,1,2,2,59,56,0,0,0,0,0,0,0,0,0,0,0,0,0,0,0,0,0,0,0,0,0,11.558,15.258,4,77,BC,NCTL,ND,0.4,0.4,0.45,1,1,2,2,0,0,0,1,0,0,0,0,0.471788255,0.529483445,0.695222639,0.491233208,0.628982166,0.384225504,0.427156498,0.604487663,0.508272206,0.568758224,0.648716476,0.518777558,0.129938918
2023-wimbledon-2503,Ons Jabeur,Elena Rybakina,1:10:47,2,7,116,0,1,3,3,30,15,1,1,1,60,56,0,0,0,0,0,0,0,0,0,0,0,0,0,0,0,0,0,0,0,0,0,9.008,11.713,3,104,C,CTL,ND,0.5,0.8,0.45,1,1,1,2,0,0,0,1,0,0,0,0,0.363057426,0.625620813,0.896185068,0.663575635,0.739836801,0.267144308,0.997296937,0.091522729,0.648974765,0.394255824,0.62312141,0.44035605,0.18276536
2023-wimbledon-2503,Ons Jabeur,Elena Rybakina,1:11:04,2,7,117,0,1,3,3,40,15,1,2,2,60,57,0,0,0,0,0,0,0,0,0,0,0,0,0,0,0,0,0,0,0,0,0,5.717,9.632,2,82,W,CTL,D,0.9,0.8,0.85,1,1,1,2,0,0,0,1,0,0,0,0,0.37100508,0.625491027,0.732769236,0.509696872,0.796636121,0.205936181,0.418414581,0.595743838,0.548675666,0.415686273,0.555485152,0.421321674,0.134163478
2023-wimbledon-2503,Ons Jabeur,Elena Rybakina,1:11:30,2,7,118,0,1,3,3,40,30,1,2,1,61,57,1,0,0,0,1,0,F,0,0,0,0,0,0,0,0,0,0,0,0,0,0,11.961,19.227,5,73,B,NCTL,ND,0.65,0.4,0.45,1,0,2,1,0,0,0,1,0,0,0,0,0.566503664,0.432631875,0.696884132,0.446347734,0.717630392,0.283230702,0.43719303,0.614526385,0.626467779,0.508723944,0.627985489,0.535131635,0.092853854
2023-wimbledon-2503,Ons Jabeur,Elena Rybakina,1:13:49,2,8,119,0,1,4,3,0,0,2,1,2,61,58,0,0,0,0,0,0,0,0,0,0,0,0,0,0,0,0,0,0,0,0,0,3.549,2.204,1,110,W,NCTL,ND,0.9,0.4,0.45,1,0,2,0,0,0,0,1,0,0,0,0,0.639675556,0.357508996,0.906679077,0.716720214,0.189661815,0.817917024,0.0004595,0.991097606,0.462992549,0.68706026,0.550092068,0.606448505,-0.056356437
2023-wimbledon-2503,Ons Jabeur,Elena Rybakina,1:14:08,2,8,120,0,1,4,3,0,15,2,1,1,62,58,0,0,0,0,1,0,F,0,0,0,0,0,1,0,0,0,0,0,0,0,0,15.656,17.944,4,105,W,CTL,ND,0.9,0.8,0.45,1,0,3,0,0,0,0,1,0,0,0,0,0.738403866,0.259332877,0.89864079,0.681543847,0.114746259,0.895082397,0.003608162,0.994246955,0.328936039,0.619811926,0.491617976,0.63089621,-0.139278234
2023-wimbledon-2503,Ons Jabeur,Elena Rybakina,1:14:35,2,8,121,0,1,4,3,15,15,2,2,2,62,59,0,0,0,0,0,1,B,0,0,0,0,0,0,0,0,0,0,0,0,0,0,13.791,7.869,3,97,C,CTL,ND,0.5,0.8,0.45,0,0,2,1,0,0,0,1,0,0,0,0,0.525058138,0.472647957,0.767057702,0.679597203,0.256265464,0.733171227,0.548606553,0.456134485,0.617180529,0.595883693,0.5195399,0.613045167,-0.093505267
2023-wimbledon-2503,Ons Jabeur,Elena Rybakina,1:15:09,2,8,122,0,1,4,3,15,30,2,1,2,62,60,0,0,0,0,0,0,0,0,0,0,0,0,0,0,0,0,0,0,0,0,0,20.074,13.696,3,113,W,CTL,D,0.9,0.8,0.85,0,0,2,1,0,0,0,0,0,0,0,0,0.451611502,0.549616065,0.882306879,0.789150357,0.212100538,0.807074579,0.00840797,0.999047811,0.399514707,0.743028819,0.565697007,0.651013437,-0.08531643
2023-wimbledon-2503,Ons Jabeur,Elena Rybakina,1:15:36,2,8,123,0,1,4,3,15,40,2,1,2,62,61,2,0,0,1,0,1,0,0,0,0,0,0,0,0,0,0,0,0,0,0,0,1.762,1.076,1,106,W,CTL,,0.9,0.8,0,0,1,2,2,0,0,0,0,0,0,0,0,0.353319088,0.642817508,0.882484913,0.685579544,0,0.988843353,0.003643239,0.99428204,0.289375648,0.851862535,0.404052025,0.736695078,-0.332643053
2023-wimbledon-2503,Ons Jabeur,Elena Rybakina,1:16:04,2,9,124,0,1,4,4,0,0,1,1,1,63,61,0,0,0,0,0,0,0,0,0,0,0,0,0,0,0,0,0,0,0,0,0,2.352,3.459,1,94,W,NCTL,ND,0.9,0.4,0.45,0,1,2,2,0,0,0,0,0,0,0,0,0.354128712,0.64063209,0.802634831,0.598062688,0.811427169,0.18740924,0.91624815,0.010456253,0.649716214,0.361498971,0.508073844,0.467671221,0.040402623
2023-wimbledon-2503,Ons Jabeur,Elena Rybakina,1:16:18,2,9,125,0,1,4,4,15,0,1,1,1,64,61,0,0,0,0,0,0,0,0,0,0,0,0,0,0,0,0,0,0,0,0,0,11.142,14.61,3,106,BC,NCTL,D,0.4,0.4,0.85,0,1,2,2,0,0,0,0,0,0,0,0,0.355826351,0.639090978,0.915913889,0.672944933,0.525312395,0.465887423,0.946889003,0.041103794,0.630877855,0.495649812,0.571095008,0.480491985,0.090603023
2023-wimbledon-2503,Ons Jabeur,Elena Rybakina,1:16:35,2,9,126,0,1,4,4,30,0,1,2,2,64,62,0,0,0,0,0,0,0,0,0,1,0,0,0,0,0,0,0,0,0,0,0,10.748,13.481,4,83,B,NCTL,ND,0.65,0.4,0.45,0,1,1,2,0,0,1,0,0,0,0,0,0.177711556,0.822968701,0.7350776,0.535048578,0.724074329,0.289705664,0.422497902,0.59982805,0.484518259,0.579694901,0.446219918,0.576758383,-0.130538465
2023-wimbledon-2503,Ons Jabeur,Elena Rybakina,1:17:06,2,9,127,0,1,4,4,30,15,1,1,1,65,62,0,0,0,0,0,0,0,0,0,0,0,0,0,0,0,0,0,0,0,0,0,4.489,7.452,1,99,C,NCTL,ND,0.5,0.4,0.45,0,1,1,2,0,0,1,0,0,0,0,0,0.168768303,0.820050876,0.854646091,0.619300864,0.657371029,0.336723114,0.963673536,0.057891989,0.710634958,0.492061542,0.673739976,0.495778951,0.177961025
2023-wimbledon-2503,Ons Jabeur,Elena Rybakina,1:17:20,2,9,128,0,1,4,4,40,15,1,2,2,65,63,0,0,0,0,0,0,0,0,0,0,0,0,0,0,0,0,0,0,0,0,0,7.623,10.672,2,83,C,NCTL,ND,0.5,0.4,0.45,0,1,0,2,0,0,1,0,0,0,0,0,0.068674725,0.921133591,0.731728705,0.523242142,0.65876474,0.338123535,0.434757784,0.612090609,0.397816959,0.55175132,0.562583786,0.446375987,0.116207799
2023-wimbledon-2503,Ons Jabeur,Elena Rybakina,1:17:48,2,9,129,0,1,4,4,40,30,1,1,1,66,63,1,0,1,0,1,0,0,0,0,0,0,0,0,0,0,0,0,0,0,0,0,1.364,1.116,1,104,W,CTL,,0.9,0.8,0,1,1,1,1,0,0,1,0,0,0,0,0,0.286311448,0.706733316,0.870784203,0.669687144,0.985436725,0.00075529,0.974885606,0.069106507,0.778403672,0.287693047,0.708325568,0.435705318,0.27262025
2023-wimbledon-2503,Ons Jabeur,Elena Rybakina,1:19:58,2,10,130,0,1,5,4,0,0,2,1,1,67,63,0,0,0,0,1,0,F,0,0,0,0,0,0,0,0,0,0,0,0,0,0,42.544,16.352,6,108,W,NCTL,D,0.9,0.4,0.85,1,1,2,1,0,0,1,0,0,0,0,0,0.392834244,0.598225601,0.674558372,0.916245062,0.281096411,0.72396102,0.006514531,0.997153958,0.336341651,0.738192863,0.465544338,0.658264091,-0.192719753
2023-wimbledon-2503,Ons Jabeur,Elena Rybakina,1:20:30,2,10,131,0,1,5,4,15,0,2,1,2,67,64,0,0,0,0,0,0,0,0,0,0,0,0,1,0,1,0,0,0,0,0,0,20.85,11.251,3,117,BW,NCTL,ND,0.75,0.4,0.45,1,0,2,0,0,0,1,0,0,0,0,0,0.484993771,0.507010913,0.886760682,0.836330715,0.247451248,0.76194279,0.00092863,0.991566838,0.38124978,0.843722609,0.444421549,0.754881017,-0.310459468
2023-wimbledon-2503,Ons Jabeur,Elena Rybakina,1:20:55,2,10,132,0,1,5,4,15,15,2,1,1,68,64,0,0,0,0,1,0,F,0,0,0,0,0,0,0,0,0,0,0,0,0,0,26.583,20.643,6,119,C,NCTL,ND,0.5,0.4,0.45,1,0,3,0,0,0,1,0,0,0,0,0,0.592895874,0.399409501,0.939827486,0.840403098,0.33542397,0.660269232,0.005700416,0.996339667,0.385719054,0.714217941,0.391254929,0.714615301,-0.323360372
2023-wimbledon-2503,Ons Jabeur,Elena Rybakina,1:21:30,2,10,133,0,1,5,4,30,15,2,2,1,69,64,0,0,0,0,1,0,F,0,0,0,0,1,0,1,0,0,0,0,0,0,0,13.377,10.446,4,94,BW,NCTL,D,0.75,0.4,0.85,1,0,4,0,0,0,1,0,0,0,0,0,0.693291161,0.295419292,0.772676812,0.644195841,0.33503694,0.664119351,0.541806244,0.449332692,0.686875342,0.591312409,0.524645914,0.620384505,-0.095738591
2023-wimbledon-2503,Ons Jabeur,Elena Rybakina,1:22:16,2,10,134,0,1,5,4,40,15,2,2,1,70,64,1,1,0,0,0,0,0,0,0,0,0,0,0,0,0,1,0,1,0,0,0,19.004,13.618,2,94,BC,NCTL,ND,0.4,0.4,0.45,1,0,4,0,0,0,0,0,1,0,0,0,0.797274332,0.202078762,0.738415714,0.657506578,0.379074297,0.628101785,0.545959823,0.453487179,0.645653746,0.527833868,0.549719624,0.60476614,-0.055046516
2023-wimbledon-2503,Ons Jabeur,Elena Rybakina,1:24:46,3,1,136,1,1,0,0,15,0,1,1,2,71,65,0,0,0,0,0,0,0,0,0,1,0,0,0,0,0,0,0,0,0,0,0,7.387,9.789,2,95,B,NCTL,ND,0.65,0.4,0.45,1,0,4,0,0,0,1,0,1,0,0,0,0.723474835,0.269241155,0.820504178,0.603506826,0.710672799,0.27623961,0.974936915,0.069157827,0.811452591,0.27565435,0.658470261,0.421888205,0.236582056
2023-wimbledon-2503,Ons Jabeur,Elena Rybakina,1:25:11,3,1,137,1,1,0,0,15,15,1,1,1,72,65,0,0,0,0,0,0,0,0,0,0,0,0,0,0,0,0,0,0,0,0,0,4.11,5.63,1,103,C,NCTL,D,0.5,0.4,0.85,0,0,3,0,0,0,1,0,1,0,0,0,0.575751113,0.425860365,0.874602558,0.653884802,0.566978205,0.431725905,0.991984844,0.086209477,0.830813145,0.28072929,0.691578582,0.349267138,0.342311444
2023-wimbledon-2503,Ons Jabeur,Elena Rybakina,1:25:35,3,1,138,1,1,0,0,30,15,1,1,2,72,66,0,0,0,0,0,1,F,0,0,0,0,0,0,0,0,0,0,0,0,0,0,31.353,40.636,10,94,BW,NCTL,ND,0.75,0.4,0.45,0,0,2,1,0,0,1,0,1,0,0,0,0.402018304,0.600381118,0.880828667,0.599901498,0.75970934,0.249484311,0.920756206,0.014965293,0.781847875,0.318286309,0.706889337,0.362841451,0.344047886
2023-wimbledon-2503,Ons Jabeur,Elena Rybakina,1:26:08,3,1,139,1,1,0,0,30,30,1,1,1,73,66,0,0,0,0,0,0,0,0,0,0,0,0,0,0,0,0,0,0,0,0,0,3.946,5.029,1,97,W,CTL,D,0.9,0.8,0.85,0,0,2,1,0,0,1,0,1,0,0,0,0.396035197,0.590486859,0.824337542,0.618527941,0.802841772,0.212171711,0.95104863,0.045264328,0.713849906,0.288881383,0.632028597,0.372027933,0.260000664
2023-wimbledon-2503,Ons Jabeur,Elena Rybakina,1:26:24,3,1,140,1,1,0,0,40,30,1,2,2,73,67,0,0,0,0,0,1,B,0,0,0,0,0,0,0,0,0,0,0,0,0,0,5.613,5.415,2,76,B,NCTL,ND,0.65,0.4,0.45,0,0,1,2,0,0,1,0,1,0,0,0,0.222553256,0.765585375,0.652713396,0.498546028,0.714955041,0.28054247,0.409543251,0.586870573,0.400180478,0.556364427,0.544501617,0.487858103,0.056643514
2023-wimbledon-2503,Ons Jabeur,Elena Rybakina,1:26:51,3,1,141,1,1,0,0,40,40,1,1,1,74,67,0,0,0,0,1,0,F,0,0,0,0,0,0,0,0,0,0,0,0,0,0,10.291,14.145,3,93,W,CTL,D,0.9,0.8,0.85,0,0,1,2,0,0,1,0,1,0,0,0,0.221819598,0.774138244,0.818268068,0.587187892,0.791527672,0.200803137,0.950017148,0.044232621,0.728115099,0.342566733,0.543610497,0.503383789,0.040226708
2023-wimbledon-2503,Ons Jabeur,Elena Rybakina,1:27:09,3,1,142,1,1,0,0,AD,40,1,2,1,75,67,1,0,0,0,0,0,0,0,0,0,0,0,1,0,0,0,0,0,0,0,0,15.216,11.876,5,80,B,NCTL,ND,0.65,0.4,0.45,0,0,1,2,0,0,1,0,0,0,0,0,0.196348257,0.797221998,0.662643269,0.563068184,0.722079201,0.287700931,0.433513408,0.61084596,0.48605199,0.578458367,0.516053131,0.580315639,-0.064262508
2023-wimbledon-2503,Ons Jabeur,Elena Rybakina,1:28:23,3,2,143,1,1,1,0,0,0,2,2,1,76,67,0,0,0,0,1,0,B,0,0,0,0,0,0,0,0,0,0,0,0,0,0,6.325,7.84,2,95,C,NCTL,D,0.5,0.4,0.85,0,0,2,2,0,0,1,0,0,0,0,0,0.306172074,0.696050222,0.814361232,0.608498171,0.425781289,0.565230765,0.543945758,0.451472674,0.505854706,0.671038846,0.472290447,0.570354385,-0.098063938
2023-wimbledon-2503,Ons Jabeur,Elena Rybakina,1:28:56,3,2,144,1,1,1,0,15,0,2,2,1,77,67,0,0,0,0,0,0,0,0,0,0,1,0,0,0,0,0,0,0,0,0,0,6.883,6.734,2,100,C,NCTL,ND,0.5,0.4,0.45,0,0,2,2,0,0,0,1,0,0,0,0,0.452782357,0.542642024,0.839435164,0.651623805,0.335491028,0.660336613,0.544356937,0.451883942,0.599249783,0.576114874,0.505871836,0.71481424,-0.208942404
2023-wimbledon-2503,Ons Jabeur,Elena Rybakina,1:29:31,3,2,145,1,1,1,0,30,0,2,2,1,78,67,0,0,0,0,0,0,0,0,0,0,1,0,0,0,0,0,0,0,0,0,0,11.429,8.244,2,95,C,NCTL,ND,0.5,0.4,0.45,0,0,2,2,0,0,0,2,0,0,0,0,0.521918576,0.471067399,0.771389492,0.643414112,0.335833569,0.660680803,0.546454419,0.453981882,0.624278145,0.532979634,0.637416216,0.50247755,0.134938666
2023-wimbledon-2503,Ons Jabeur,Elena Rybakina,1:30:13,3,2,146,1,1,1,0,40,0,2,1,1,79,67,1,0,0,0,0,0,0,0,0,0,0,0,0,0,0,1,0,1,0,0,0,9.296,6.747,2,114,BW,NCTL,ND,0.75,0.4,0.45,0,0,2,1,0,0,0,2,1,0,0,0,0.619546221,0.375181231,0.927089176,0.758199323,0.250008306,0.76451216,0.007174321,0.997813893,0.453861026,0.774748915,0.552409235,0.718142748,-0.165733513
2023-wimbledon-2503,Ons Jabeur,Elena Rybakina,1:31:00,3,3,147,1,1,2,0,0,0,1,1,1,80,67,0,0,0,0,0,0,0,0,0,0,0,0,0,0,0,0,0,0,0,0,0,2.97,4.633,1,106,C,NCTL,D,0.5,0.4,0.85,0,0,2,1,0,0,0,2,1,0,0,0,0.625612325,0.372826112,0.900311151,0.671095144,0.566097264,0.430840723,0.989236148,0.08346018,0.840593758,0.412897066,0.597580112,0.566396803,0.031183309
2023-wimbledon-2503,Ons Jabeur,Elena Rybakina,1:31:14,3,3,148,1,1,2,0,15,0,1,2,1,81,67,0,0,0,0,0,0,0,0,0,0,0,0,1,0,0,0,0,0,0,0,0,43.416,41.461,11,82,C,NCTL,ND,0.5,0.4,0.45,0,0,2,0,0,0,0,2,1,0,0,0,0.688627855,0.306706022,0.68890784,0.610709541,0.656576443,0.335924702,0.389892657,0.567215689,0.54305409,0.363347366,0.542139699,0.378480819,0.16365888
2023-wimbledon-2503,Ons Jabeur,Elena Rybakina,1:32:06,3,3,149,1,1,2,0,30,0,1,2,2,81,68,0,0,0,0,0,0,0,0,0,0,0,0,0,0,0,0,0,0,0,0,0,10.543,8.622,2,83,BC,NCTL,D,0.4,0.4,0.85,0,0,1,0,0,0,0,2,1,0,0,0,0.5851335,0.402190792,0.68869413,0.558209139,0.523427067,0.463993019,0.443985624,0.621320462,0.568977359,0.527177997,0.533433264,0.533853863,-0.000420599
2023-wimbledon-2503,Ons Jabeur,Elena Rybakina,1:32:38,3,3,150,1,1,2,0,30,15,1,2,2,81,69,0,0,0,0,0,0,0,0,0,0,0,0,0,0,0,0,0,0,0,0,0,6.466,9.192,2,79,BW,NCTL,D,0.75,0.4,0.85,0,0,1,0,0,0,0,2,1,0,0,0,0.592519774,0.407969388,0.698980012,0.499052306,0.667613834,0.342776222,0.37053744,0.547856249,0.539779944,0.414421047,0.503665063,0.434033305,0.069631758
2023-wimbledon-2503,Ons Jabeur,Elena Rybakina,1:33:08,3,3,151,1,1,2,0,30,30,1,2,1,82,69,0,0,0,0,0,0,0,0,0,0,1,0,0,0,0,0,0,0,0,0,0,9.761,13.406,3,86,BC,NCTL,D,0.4,0.4,0.85,0,0,0,0,0,0,0,3,1,0,0,0,0.555481211,0.437359326,0.762387674,0.543693903,0.532411629,0.473020838,0.410515221,0.587842755,0.526882703,0.57354704,0.579503876,0.505440826,0.07406305
2023-wimbledon-2503,Ons Jabeur,Elena Rybakina,1:33:39,3,3,152,1,1,2,0,40,30,1,2,2,82,70,0,0,0,0,0,0,0,0,0,0,0,0,0,0,0,0,0,0,0,0,0,10.328,15.005,4,80,B,NCTL,ND,0.65,0.4,0.45,0,0,0,0,0,0,0,2,1,0,0,0,0.482623033,0.504148794,0.72776427,0.502891484,0.713018619,0.278596725,0.43985618,0.617190117,0.57183875,0.419274358,0.509737439,0.452668815,0.057068624
2023-wimbledon-2503,Ons Jabeur,Elena Rybakina,1:34:16,3,3,153,1,1,2,0,40,40,1,1,1,83,70,0,0,0,0,0,0,0,0,0,0,0,0,0,0,0,0,0,0,0,0,0,4.426,6.168,1,111,C,NCTL,ND,0.5,0.4,0.45,0,0,0,0,0,0,0,1,1,0,0,0,0.416091231,0.584815819,0.938610876,0.70347439,0.659114007,0.338474484,0.955390536,0.049607182,0.809469112,0.39763641,0.709543814,0.455485335,0.254058479
2023-wimbledon-2503,Ons Jabeur,Elena Rybakina,1:34:34,3,3,154,1,1,2,0,AD,40,1,2,1,84,70,1,0,0,0,0,0,0,0,0,0,0,0,0,0,0,0,0,0,0,0,0,3.658,4.728,1,89,C,NCTL,D,0.5,0.4,0.85,0,0,0,0,0,0,0,1,0,0,0,0,0.390450247,0.606258594,0.761992484,0.567586899,0.561546412,0.426267959,0.400831174,0.578156594,0.426606514,0.641131816,0.568992335,0.572481413,-0.003489078
2023-wimbledon-2503,Ons Jabeur,Elena Rybakina,1:36:24,3,4,155,1,1,3,0,0,0,2,1,1,85,70,0,0,0,0,0,0,0,0,0,0,0,0,0,0,0,0,0,0,0,0,0,26.284,30.093,8,107,W,CTL,ND,0.9,0.8,0.45,0,0,0,0,0,0,0,1,0,0,0,0,0.387894086,0.611241736,0.934130852,0.707161668,0.109815389,0.890127787,0.002430746,0.993069282,0.388660533,0.753840021,0.57869815,0.684646552,-0.105948402
2023-wimbledon-2503,Ons Jabeur,Elena Rybakina,1:37:01,3,4,156,1,1,3,0,15,0,2,2,1,86,70,0,0,0,0,0,0,0,0,0,0,0,0,0,0,0,0,0,0,0,0,0,11.711,10.734,4,93,BW,NCTL,ND,0.75,0.4,0.45,0,0,0,0,0,0,0,1,0,0,0,0,0.39193247,0.610292776,0.782284325,0.623689618,0.244013974,0.758488966,0.550683716,0.458212102,0.455214952,0.644812747,0.509138808,0.650081402,-0.140942594
2023-wimbledon-2503,Ons Jabeur,Elena Rybakina,1:37:42,3,4,157,1,1,3,0,30,0,2,1,2,86,71,0,0,0,0,0,1,B,0,0,0,0,0,0,0,0,0,0,0,0,0,0,17.263,6.601,3,108,W,NCTL,ND,0.9,0.4,0.45,0,0,0,1,0,0,0,1,0,0,0,0,0.320662652,0.675091182,0.81131181,0.783337146,0.187369112,0.815613282,0.001303619,0.991941909,0.205369083,0.915133124,0.355508544,0.715551637,-0.360043093
2023-wimbledon-2503,Ons Jabeur,Elena Rybakina,1:38:06,3,4,158,1,1,3,0,30,15,2,1,2,86,72,0,0,0,0,0,0,0,0,0,0,0,0,0,0,0,0,0,0,0,0,0,10.911,8.104,1,113,W,CTL,ND,0.9,0.8,0.45,0,0,0,1,0,0,0,1,0,0,0,0,0.320162287,0.676915657,0.911149203,0.751187504,0.11228441,0.892608696,0.000978704,0.991616923,0.276394183,0.760993824,0.337073,0.685006338,-0.347933338
2023-wimbledon-2503,Ons Jabeur,Elena Rybakina,1:38:28,3,4,159,1,1,3,0,30,30,2,2,2,86,73,0,0,0,0,0,1,F,0,0,0,0,0,1,0,1,0,0,0,0,0,0,22.967,28.875,5,94,C,NCTL,ND,0.5,0.4,0.45,0,0,0,2,0,0,0,0,0,0,0,0,0.174736089,0.826553835,0.839325657,0.59730524,0.333535363,0.658371532,0.549112098,0.456640141,0.386890177,0.669578789,0.359242959,0.57375605,-0.214513091
2023-wimbledon-2503,Ons Jabeur,Elena Rybakina,1:39:12,3,4,160,1,1,3,0,30,40,2,2,1,87,73,0,0,0,0,0,0,0,0,1,0,1,0,0,0,0,0,0,0,0,0,0,4.572,2.398,0,0,W,CTL,,0.9,0.8,0,0,0,0,2,0,1,0,1,0,0,0,0,0.256956189,0.739824513,0.034866024,0.020854518,0.010647893,0.999542512,0.547618206,0.455145924,0.184549525,0.642491245,0.404613456,0.558263257,-0.153649801
2023-wimbledon-2503,Ons Jabeur,Elena Rybakina,1:40:13,3,4,161,1,1,3,0,40,40,2,2,2,87,74,0,0,0,0,0,0,0,0,0,1,0,0,0,0,0,0,0,0,0,0,0,14.149,12.762,3,99,C,NCTL,D,0.5,0.4,0.85,0,0,0,2,0,1,1,1,0,0,0,0,0.177546919,0.8116757,0.819020325,0.662775485,0.436571546,0.576072974,0.549519821,0.457047953,0.535497923,0.54101524,0.550755045,0.501363007,0.049392038
2023-wimbledon-2503,Ons Jabeur,Elena Rybakina,1:40:52,3,4,162,1,1,3,0,40,AD,2,2,2,87,75,2,0,0,0,0,0,0,0,0,0,0,0,0,0,0,0,0,0,0,0,0,36.283,30.035,11,93,BW,NCTL,ND,0.75,0.4,0.45,0,0,0,2,0,1,1,1,0,0,0,0,0.181458645,0.81286987,0.747076515,0.703143444,0.243182438,0.757653427,0.546061262,0.45358864,0.380305473,0.678482221,0.552199798,0.508675963,0.043523835
2023-wimbledon-2503,Ons Jabeur,Elena Rybakina,1:41:46,3,5,163,1,1,3,1,0,0,1,2,2,87,76,0,0,0,0,0,0,0,0,0,0,0,0,0,0,0,0,0,0,0,0,0,27.649,28.151,6,85,W,CTL,D,0.9,0.8,0.85,0,0,0,2,0,1,1,1,0,0,0,0,0.177924743,0.818591009,0.725188686,0.583010775,0.794180679,0.203468917,0.406062341,0.583388902,0.439354458,0.659798996,0.504346849,0.531764509,-0.02741766
2023-wimbledon-2503,Ons Jabeur,Elena Rybakina,1:42:31,3,5,164,1,1,3,1,0,15,1,2,2,87,77,0,0,0,0,0,0,0,0,0,1,0,0,0,0,0,0,0,0,0,0,0,6.588,9.291,2,82,B,NCTL,ND,0.65,0.4,0.45,0,0,0,2,0,1,2,1,0,0,0,0,0.107349126,0.887342633,0.722120352,0.518349438,0.710268119,0.275832983,0.375645387,0.55296531,0.456393319,0.482668513,0.472207971,0.473867075,-0.001659104
2023-wimbledon-2503,Ons Jabeur,Elena Rybakina,1:43:02,3,5,165,1,1,3,1,0,30,1,1,1,88,77,0,0,1,0,1,0,0,0,0,0,0,0,0,0,0,0,0,0,0,0,0,0.695,0.734,1,102,C,CTL,,0.5,0.8,0,1,0,1,1,0,1,2,1,0,0,0,0,0.326262807,0.665291803,0.858125345,0.654573271,0.839324876,0.158051705,0.986716326,0.080939809,0.727609204,0.309528724,0.654100094,0.479506317,0.174593777
2023-wimbledon-2503,Ons Jabeur,Elena Rybakina,1:43:31,3,5,166,1,1,3,1,15,30,1,1,2,88,78,0,0,0,0,0,0,0,0,0,1,0,0,0,0,0,0,0,0,0,0,0,17.719,16.807,6,110,C,CTL,ND,0.5,0.8,0.45,1,0,1,1,0,1,3,1,0,0,0,0,0.248320516,0.746509016,0.918769175,0.743215423,0.731175864,0.258441672,0.929551312,0.023762319,0.594231199,0.438849147,0.561324724,0.50755976,0.053764964
2023-wimbledon-2503,Ons Jabeur,Elena Rybakina,1:43:56,3,5,167,1,1,3,1,15,40,1,2,1,89,78,0,0,0,0,1,0,F,0,0,0,0,0,0,0,0,0,1,0,0,0,1,7.129,7.682,3,80,BC,NCTL,ND,0.4,0.4,0.45,1,0,2,0,0,1,3,1,0,0,0,1,0.463601786,0.528205598,0.69304506,0.523838214,0.61657521,0.371758812,0.376116237,0.553436263,0.506188793,0.458916699,0.550971298,0.451724776,0.099246522
2023-wimbledon-2503,Ons Jabeur,Elena Rybakina,1:44:27,3,5,168,1,1,3,1,30,40,1,2,1,90,78,0,0,0,0,0,0,0,0,0,0,0,0,0,0,0,0,1,0,0,0,1,20.435,29.489,5,79,BC,NCTL,D,0.4,0.4,0.85,1,0,2,0,0,0,3,0,0,0,0,2,0.423948185,0.574187096,0.750006127,0.479383206,0.530657724,0.471258488,0.446986983,0.624322476,0.564282262,0.518659801,0.575666628,0.511735371,0.063931257
2023-wimbledon-2503,Ons Jabeur,Elena Rybakina,1:45:07,3,5,169,1,1,3,1,40,40,1,2,1,91,78,0,0,0,0,1,0,F,0,0,0,0,0,0,0,0,0,0,0,0,0,0,9.11,12.616,3,75,BW,NCTL,ND,0.75,0.4,0.45,1,0,3,0,0,0,2,0,0,0,0,2,0.602015816,0.395560173,0.67593117,0.474244785,0.75014904,0.239877981,0.444899757,0.622234795,0.618526754,0.352287198,0.61785141,0.438204156,0.179647254
2023-wimbledon-2503,Ons Jabeur,Elena Rybakina,1:45:59,3,5,170,1,1,3,1,AD,40,1,1,1,92,78,1,0,1,0,1,0,0,0,0,0,0,0,0,0,0,0,0,0,0,0,0,0.875,1.47,1,108,C,CTL,,0.5,0.8,0,2,0,4,0,0,0,2,0,0,0,0,2,0.742510212,0.254507122,0.909337328,0.68916069,0.847453466,0.166219432,0.999964828,0.094191202,0.891750944,0.201985219,0.715806401,0.348613321,0.36719308
2023-wimbledon-2503,Ons Jabeur,Elena Rybakina,1:47:40,3,6,171,1,1,4,1,0,0,2,1,1,93,78,0,0,0,0,0,0,0,0,0,0,1,0,1,0,0,0,0,0,0,0,0,9.61,7.179,2,119,C,NCTL,ND,0.5,0.4,0.45,2,0,4,0,0,0,2,1,0,0,0,2,0.817984718,0.182133392,0.966813403,0.789421114,0.335326573,0.660171366,0,0.990638006,0.497085959,0.606132999,0.518091793,0.543940369,-0.025848576
2023-wimbledon-2503,Ons Jabeur,Elena Rybakina,1:48:04,3,6,172,1,1,4,1,15,0,2,2,1,94,78,0,0,0,0,1,0,B,0,0,0,0,0,0,0,0,0,0,0,0,0,0,28.166,17.338,6,91,BW,NCTL,ND,0.75,0.4,0.45,2,0,5,0,0,0,1,1,0,0,0,2,1,0,0.679935974,0.695978908,0.246870899,0.761359647,0.54531482,0.452842035,0.559385603,0.404563515,0.54350798,0.547813108,-0.004305128
2023-wimbledon-2503,Ons Jabeur,Elena Rybakina,1:48:44,3,6,173,1,1,4,1,30,0,2,2,2,94,79,0,0,0,0,0,1,F,0,0,0,0,0,1,0,1,0,0,0,0,0,0,19.296,16.023,5,100,BC,NCTL,ND,0.4,0.4,0.45,1,0,4,1,0,0,1,1,0,0,0,2,0.773265469,0.222039051,0.815521879,0.692845414,0.369730716,0.618713218,0.548976594,0.456504608,0.667521937,0.542775839,0.606869597,0.568818148,0.038051449
2023-wimbledon-2503,Ons Jabeur,Elena Rybakina,1:49:28,3,6,174,1,1,4,1,30,15,2,2,1,95,79,0,0,0,0,0,0,0,0,0,0,1,0,0,0,0,0,0,0,0,0,0,10.992,12.056,4,93,BW,NCTL,ND,0.75,0.4,0.45,1,0,4,1,0,0,0,2,0,0,0,2,0.920178247,0.073117797,0.799490786,0.609708807,0.243754189,0.758227931,0.548679372,0.45620732,0.571316208,0.504660991,0.547557388,0.522769454,0.024787934
2023-wimbledon-2503,Ons Jabeur,Elena Rybakina,1:50:11,3,6,175,1,1,4,1,40,15,2,2,2,95,80,0,0,0,0,0,0,0,0,0,1,0,0,0,0,0,1,0,0,0,1,0,28.563,17.485,5,97,BC,NCTL,ND,0.4,0.4,0.45,1,0,3,1,0,0,1,2,0,0,1,1,0.688324995,0.310253419,0.719948228,0.732402711,0.38406244,0.633113944,0.547632746,0.455160466,0.624866437,0.428635525,0.572233445,0.512692345,0.0595411
2023-wimbledon-2503,Ons Jabeur,Elena Rybakina,1:50:51,3,6,176,1,1,4,1,40,30,2,2,1,96,80,1,0,0,0,1,0,B,0,0,0,0,0,0,0,0,1,0,1,0,0,0,33.829,23.48,8,94,BW,NCTL,ND,0.75,0.4,0.45,1,0,4,1,0,0,1,2,1,0,1,0,0.776170691,0.21249311,0.710695119,0.723613035,0.249017128,0.76351621,0.545877799,0.453405136,0.541362642,0.530439387,0.546107924,0.525417443,0.020690481
2023-wimbledon-2503,Ons Jabeur,Elena Rybakina,1:51:45,3,7,177,1,1,5,1,0,0,1,1,1,97,80,0,0,0,0,0,0,0,0,0,0,0,0,0,0,0,0,0,0,0,0,0,2.877,3.844,1,93,BW,NCTL,ND,0.75,0.4,0.45,1,0,3,1,0,0,1,2,1,0,1,0,0.674704461,0.317545585,0.793177664,0.593047141,0.750793799,0.240525844,0.97573632,0.069957406,0.788523328,0.377425461,0.693927587,0.456602498,0.237325089
2023-wimbledon-2503,Ons Jabeur,Elena Rybakina,1:51:59,3,7,178,1,1,5,1,15,0,1,2,2,97,81,0,0,0,0,0,0,0,1,0,1,0,0,0,0,0,0,0,0,0,0,0,1.861,1.365,0,0,BC,CTL,,0.4,0.8,0,0,0,2,1,1,0,2,2,1,0,1,0,0.438072682,0.555991831,0.051070976,0.007687465,0.80998986,0.204603387,0.399345504,0.5766706,0.355673345,0.359425526,0.446935157,0.355161176,0.091773981
2023-wimbledon-2503,Ons Jabeur,Elena Rybakina,1:52:25,3,7,179,1,1,5,1,15,15,1,1,1,98,81,0,0,0,0,1,0,B,0,0,0,0,1,0,1,0,0,0,0,0,0,0,17.645,19.662,5,106,C,NCTL,ND,0.5,0.4,0.45,0,0,3,1,1,0,2,1,1,0,1,0,0.462277667,0.524072791,0.906802013,0.694876153,0.662547635,0.341924644,0.924598506,0.018808432,0.696198136,0.411691937,0.617503353,0.484928777,0.132574576
2023-wimbledon-2503,Ons Jabeur,Elena Rybakina,1:52:56,3,7,180,1,1,5,1,30,15,1,1,2,98,82,0,0,0,0,0,0,0,0,0,1,0,0,0,0,0,0,0,0,0,0,0,8.835,14.823,2,107,C,CTL,ND,0.5,0.8,0.45,0,0,2,1,1,0,3,1,1,0,1,0,0.292773217,0.711153075,0.941881958,0.657281072,0.737602372,0.264899122,0.911874174,0.006081323,0.736531264,0.301182689,0.592230093,0.415946203,0.17628389
2023-wimbledon-2503,Ons Jabeur,Elena Rybakina,1:53:18,3,7,181,1,1,5,1,30,30,1,1,1,99,82,0,0,0,0,0,0,0,0,0,0,0,0,0,0,0,0,0,0,0,0,0,3.18,5.191,1,97,W,CTL,D,0.9,0.8,0.85,0,0,2,0,1,0,3,1,1,0,1,0,0.363559458,0.63797662,0.83258738,0.611824678,0.792278053,0.201557131,0.97648488,0.07070613,0.64932285,0.393308277,0.540850752,0.463993738,0.076857014
2023-wimbledon-2503,Ons Jabeur,Elena Rybakina,1:53:36,3,7,182,1,1,5,1,40,30,1,2,1,100,82,1,1,0,0,0,0,0,0,0,0,0,0,0,0,0,0,0,0,0,0,0,15.528,22.326,5,77,B,NCTL,ND,0.65,0.4,0.45,0,0,2,0,1,0,3,0,1,0,1,0,0.290763198,0.712788429,0.720894503,0.477637742,0.710490411,0.276056344,0.386524309,0.563846607,0.394420275,0.57003766,0.544740227,0.508650966,0.036089261
