match_id,player1,player2,elapsed_time,set_no,game_no,point_no,p1_sets,p2_sets,p1_games,p2_games,p1_score,p2_score,server,serve_no,point_victor,p1_points_won,p2_points_won,game_victor,set_victor,p1_ace,p2_ace,p1_winner,p2_winner,winner_shot_type,p1_double_fault,p2_double_fault,p1_unf_err,p2_unf_err,p1_net_pt,p2_net_pt,p1_net_pt_won,p2_net_pt_won,p1_break_pt,p2_break_pt,p1_break_pt_won,p2_break_pt_won,p1_break_pt_missed,p2_break_pt_missed,p1_distance_run,p2_distance_run,rally_count,speed_mph,serve_width_score,serve_depth_score,return_depth_score,p1_ace_sum,p2_ace_sum,p1_winner_sum,p2_winner_sum,p1_double_fault_sum,p2_double_fault_sum,p1_unf_err_sum,p2_unf_err_sum,p1_break_pt_won_sum,p2_break_pt_won_sum,p1_break_pt_missed_sum,p2_break_pt_missed_sum,p1_Psychological_Factor,p2_Psychological_Factor,p1_Physical_Factor,p2_Physical_Factor,p1_skill_factors,p2_skill_factors,p1_server_factors,p2_server_factors,p1_momentum,p2_momentum,p1_momentum_predict,p2_momentum_predict,p1_p2_momentum_predict_lightGMB_cha
2023-wimbledon-2701,Marketa Vondrousova,Ons Jabeur,0:00:00,1,1,1,0,0,0,0,0,0,2,1,1,1,0,0,0,0,0,1,0,B,0,0,0,0,0,1,0,0,0,0,0,0,0,0,25.368,21.744,6,95,0.75,0.8,0.45,0,0,1,0,0,0,0,0,0,0,0,0,0.327944263,0.675199133,0.601059263,0.781637276,0.078453454,0.927278241,0.003835954,0.994520071,0.257216938,0.709559451,0.257216938,0.709559451,-0.452342513
2023-wimbledon-2701,Marketa Vondrousova,Ons Jabeur,0:00:22,1,1,2,0,0,0,0,15,0,2,2,2,1,1,0,0,0,0,0,0,0,0,0,0,0,0,0,0,0,0,0,0,0,0,0,16.527,17.99,5,76,0.4,0.4,0.85,0,0,1,0,0,0,0,0,0,0,0,0,0.325403465,0.675952883,0.510951574,0.593842613,0.422747498,0.573995809,0.51046741,0.480892938,0.32284288,0.671021839,0.32284288,0.671021839,-0.348178959
2023-wimbledon-2701,Marketa Vondrousova,Ons Jabeur,0:01:36,1,1,3,0,0,0,0,15,15,2,2,1,2,1,0,0,0,0,0,0,0,0,0,0,0,0,0,0,0,0,0,0,0,0,0,17.51,14.845,4,73,0.65,0.4,0.45,0,0,1,0,0,0,0,0,0,0,0,0,0.324060646,0.676280089,0.458550344,0.603663182,0.210154666,0.791938769,0.517964689,0.48839276,0.434149267,0.625441948,0.434149267,0.625441948,-0.191292681
2023-wimbledon-2701,Marketa Vondrousova,Ons Jabeur,0:02:05,1,1,4,0,0,0,0,30,15,2,1,2,2,2,0,0,0,0,0,1,B,0,0,0,0,0,1,0,1,0,0,0,0,0,0,41.268,37.207,9,108,0.5,0.8,0.85,0,0,1,1,0,0,0,0,0,0,0,0,0.267255581,0.738643166,0.6991171,0.884487989,0.293588509,0.711862977,0.000468782,0.991151757,0.31071018,0.771189924,0.31071018,0.771189924,-0.460479744
2023-wimbledon-2701,Marketa Vondrousova,Ons Jabeur,0:03:24,1,1,5,0,0,0,0,30,30,2,2,2,2,3,0,0,0,0,0,0,0,0,0,1,0,0,0,0,0,0,0,0,0,0,0,6.628,5.56,1,77,0.9,0.4,0.45,0,0,1,1,0,0,1,0,0,0,0,0,0.221131929,0.774634969,0.479108692,0.615802835,0.092116345,0.914159969,0.513017776,0.483444169,0.350977489,0.717673577,0.350977489,0.717673577,-0.366696088
2023-wimbledon-2701,Marketa Vondrousova,Ons Jabeur,0:03:50,1,1,6,0,0,0,0,30,40,2,1,2,2,4,2,0,0,0,0,0,0,0,0,0,0,0,0,0,0,0,0,0,0,0,0,7.882,5.864,1,108,0.5,0.8,0.45,0,0,1,1,0,0,1,0,0,0,0,0,0.224719217,0.777502489,0.667640539,0.85906479,0.195583096,0.804153554,0.006079349,0.996764227,0.252929153,0.843450034,0.333811035,0.678092626,-0.344281591
2023-wimbledon-2701,Marketa Vondrousova,Ons Jabeur,0:04:29,1,2,7,0,0,0,1,0,0,1,1,1,3,4,0,0,0,0,0,0,0,0,0,0,0,1,0,1,0,0,0,0,0,0,0,13.85,12.916,3,92,0.5,0.4,0.45,0,0,1,1,0,0,1,0,0,0,0,0,0.219343274,0.781073158,0.585397751,0.731167008,0.710966956,0.273795914,0.90894411,0.00297052,0.632941324,0.635284962,0.473218939,0.67522019,-0.202001251
2023-wimbledon-2701,Marketa Vondrousova,Ons Jabeur,0:04:50,1,2,8,0,0,0,1,15,0,1,1,2,3,5,0,0,0,0,0,0,0,0,0,0,0,0,0,0,0,0,0,0,0,0,0,25.07,23.153,6,92,0.9,0.8,0.85,0,0,1,1,0,0,1,0,0,0,0,0,0.223329541,0.776861577,0.594781766,0.743626279,0.892580846,0.090317847,0.910374419,0.004401314,0.536784274,0.450442101,0.55323954,0.559581629,-0.006342089
2023-wimbledon-2701,Marketa Vondrousova,Ons Jabeur,0:05:17,1,2,9,0,0,0,1,15,15,1,1,2,3,6,0,0,0,0,0,1,F,0,0,0,0,0,0,0,0,0,0,0,0,0,0,33.337,34.706,6,104,0.4,0.4,0.85,0,0,0,2,0,0,1,0,0,0,0,0,0.118790997,0.881887401,0.699859423,0.798984108,0.567470867,0.416689768,0.943536421,0.037574562,0.557492157,0.641329981,0.496297188,0.476319323,0.019977865
2023-wimbledon-2701,Marketa Vondrousova,Ons Jabeur,0:05:51,1,2,10,0,0,0,1,15,30,1,1,2,3,7,0,0,0,0,0,0,0,0,0,0,0,0,1,0,1,0,0,0,0,0,0,16.987,22.393,4,95,0.5,0.4,0.85,0,0,0,2,0,0,1,0,0,0,0,0,0.11403067,0.88113695,0.656868165,0.698290544,0.618481155,0.371574564,0.956762051,0.050804678,0.555859509,0.668206643,0.583794682,0.661354379,-0.077559697
2023-wimbledon-2701,Marketa Vondrousova,Ons Jabeur,0:06:16,1,2,11,0,0,0,1,15,40,1,1,1,4,7,0,0,0,0,0,0,0,0,0,0,0,0,0,0,0,0,1,0,0,0,1,4.486,8.324,1,109,0.9,0.8,0.45,0,0,0,2,0,0,1,0,0,0,0,1,0.158028297,0.8462985,0.715627081,0.816246213,0.995431606,0.002844933,0.961735155,0.055779469,0.640015134,0.499629381,0.549702823,0.560616814,-0.010913991
2023-wimbledon-2701,Marketa Vondrousova,Ons Jabeur,0:06:35,1,2,12,0,0,0,1,30,40,1,1,2,4,8,2,0,0,0,0,0,0,0,0,1,0,0,0,0,0,0,1,0,1,0,0,28.77,60.995,8,93,0.9,0.8,0.45,0,0,0,1,0,0,2,0,0,1,0,1,0.158262373,0.836555369,0.865185575,0.447760738,0.998325389,0.005722181,0.958778061,0.052821371,0.533017612,0.47378194,0.528737524,0.520234517,0.008503007
2023-wimbledon-2701,Marketa Vondrousova,Ons Jabeur,0:07:15,1,3,13,0,0,0,2,0,0,2,1,2,4,9,0,0,0,0,0,1,B,0,0,0,0,0,0,0,0,0,0,0,0,0,0,23.117,14.295,5,95,0.75,0.4,0.85,0,0,0,2,0,0,1,0,0,1,0,1,0.143791048,0.859099126,0.557529641,0.826332392,0.259081395,0.746683964,0.001510509,0.992193838,0.196612834,0.850832563,0.399167429,0.644617551,-0.245450122
2023-wimbledon-2701,Marketa Vondrousova,Ons Jabeur,0:07:37,1,3,14,0,0,0,2,0,15,2,2,1,5,9,0,0,0,0,0,0,0,0,0,0,1,0,0,0,0,0,0,0,0,0,0,8.833,6.507,2,76,0.5,0.4,0.45,0,0,0,2,0,0,1,1,0,1,0,1,0.257249082,0.746055047,0.468051983,0.621905874,0.285832359,0.723433011,0.515119684,0.48554679,0.426997002,0.645381382,0.411059069,0.644257801,-0.233198732
2023-wimbledon-2701,Marketa Vondrousova,Ons Jabeur,0:08:05,1,3,15,0,0,0,2,15,15,2,2,2,5,10,0,0,0,0,0,0,0,0,0,0,0,0,0,0,0,0,0,0,0,0,0,3.925,3.115,1,82,0.4,0.4,0.45,0,0,0,2,0,0,1,1,0,1,0,1,0.255536557,0.742467401,0.510807877,0.653477944,0.3270405,0.668571667,0.511474228,0.481900097,0.382479188,0.63247901,0.385540593,0.661420187,-0.275879594
2023-wimbledon-2701,Marketa Vondrousova,Ons Jabeur,0:08:32,1,3,16,0,0,0,2,15,30,2,2,2,5,11,0,0,0,0,0,0,0,0,0,1,0,0,0,0,0,0,0,0,0,0,0,7.922,8.628,3,78,0.75,0.4,0.45,0,0,0,2,0,0,2,1,0,1,0,1,0.214665199,0.784988938,0.506016559,0.614339865,0.149683617,0.82764727,0.51450971,0.484936608,0.305930314,0.741606235,0.388336331,0.720003958,-0.331667627
2023-wimbledon-2701,Marketa Vondrousova,Ons Jabeur,0:09:02,1,3,17,0,0,0,2,15,40,2,2,1,6,11,0,0,0,0,0,0,0,0,0,0,0,0,0,0,0,0,0,0,0,0,0,18.37,15.645,4,78,0.4,0.4,0.45,0,0,0,1,0,0,2,1,0,1,0,1,0.279883113,0.722657716,0.490059646,0.641567874,0.31741088,0.65899707,0.517374472,0.487802342,0.383249763,0.730015453,0.380452391,0.662644962,-0.282192571
2023-wimbledon-2701,Marketa Vondrousova,Ons Jabeur,0:09:36,1,3,18,0,0,0,2,30,40,2,2,1,7,11,0,0,0,0,0,0,0,0,0,0,0,0,0,0,0,0,0,0,0,0,0,13.155,12.642,2,75,0.75,0.4,0.85,0,0,0,1,0,0,2,1,0,1,0,1,0.278505592,0.720543799,0.477975873,0.594706939,0.252612274,0.740251806,0.513186713,0.483613162,0.335050531,0.575133943,0.389951208,0.696025382,-0.306074174
2023-wimbledon-2701,Marketa Vondrousova,Ons Jabeur,0:10:06,1,3,19,0,0,0,2,40,40,2,2,1,8,11,0,0,0,0,0,0,0,0,0,0,0,0,0,0,0,0,0,0,0,0,0,21.693,26.148,6,80,0.75,0.4,0.45,0,0,0,1,0,0,2,1,0,1,0,0,0.236933658,0.760335711,0.564920541,0.597326847,0.152254631,0.830203593,0.519308382,0.489736908,0.322010566,0.66434808,0.382144081,0.628825086,-0.246681005
2023-wimbledon-2701,Marketa Vondrousova,Ons Jabeur,0:10:42,1,3,20,0,0,0,2,AD,40,2,2,2,8,12,0,0,0,0,0,1,F,0,0,0,0,0,1,0,1,1,0,0,0,1,0,40.648,29.821,9,80,0.5,0.4,0.45,0,0,0,2,0,0,1,1,0,0,1,0,0.228074407,0.770605051,0.472139214,0.73331072,0.268472411,0.706172255,0.510055664,0.480481052,0.421709189,0.709957991,0.403034854,0.601603942,-0.198569088
2023-wimbledon-2701,Marketa Vondrousova,Ons Jabeur,0:11:27,1,3,21,0,0,0,2,40,40,2,1,2,8,13,0,0,0,0,0,1,F,0,0,0,0,0,0,0,0,0,0,0,0,0,0,18.062,13.535,5,109,0.5,0.4,0.45,0,0,0,2,0,0,1,1,0,0,1,0,0.226330811,0.770819021,0.674543357,0.897659344,0.28287226,0.720489825,0.006058607,0.996743478,0.176716859,0.768828646,0.304447595,0.661329827,-0.356882232
2023-wimbledon-2701,Marketa Vondrousova,Ons Jabeur,0:11:53,1,3,22,0,0,0,2,40,AD,2,1,1,9,13,0,0,0,0,0,0,0,0,0,0,1,0,0,0,0,0,0,0,0,0,0,9.671,7.114,2,101,0.9,0.8,0.45,0,0,0,2,0,0,1,1,0,0,1,0,0.2296841,0.772913246,0.623988597,0.813375799,0,0.993024098,0.008196251,0.998881847,0.155571821,0.872371189,0.326395422,0.784860864,-0.458465442
2023-wimbledon-2701,Marketa Vondrousova,Ons Jabeur,0:12:12,1,3,23,0,0,0,2,40,40,2,2,1,10,13,0,0,0,0,0,0,0,0,0,0,1,0,0,0,0,0,0,0,0,0,0,16.403,13.899,4,77,0.65,0.4,0.45,0,0,0,2,0,0,1,2,0,0,1,0,0.347887405,0.658381969,0.484218292,0.633430152,0.209342214,0.79113096,0.515866772,0.486294131,0.301618834,0.544475051,0.396258239,0.625586767,-0.229328528
2023-wimbledon-2701,Marketa Vondrousova,Ons Jabeur,0:12:59,1,3,24,0,0,0,2,AD,40,2,2,1,11,13,1,0,0,0,0,0,0,0,0,0,1,0,0,0,0,1,0,1,0,0,0,18.107,14.909,4,80,0.5,0.4,0.45,0,0,0,2,0,0,0,3,1,0,1,0,0.525992443,0.479499657,0.498933428,0.661239491,0.281485796,0.719111283,0.511517777,0.481943661,0.518992177,0.605186478,0.44141829,0.620778119,-0.179359829
2023-wimbledon-2701,Marketa Vondrousova,Ons Jabeur,0:14:43,1,4,25,0,0,1,2,0,0,1,1,2,11,14,0,0,0,0,0,0,0,0,0,1,0,0,0,0,0,0,0,0,0,0,0,12.092,15.055,2,91,0.5,0.4,0.85,0,0,0,2,0,0,1,3,1,0,1,0,0.485320913,0.520284727,0.603889046,0.685674466,0.618193351,0.371288405,0.950484823,0.044525321,0.539218005,0.50676153,0.530536484,0.563318775,-0.032782291
2023-wimbledon-2701,Marketa Vondrousova,Ons Jabeur,0:15:00,1,4,26,0,0,1,2,0,15,1,1,1,12,14,0,0,0,0,0,0,0,0,0,0,1,0,0,0,0,0,0,0,0,0,0,21.088,33.733,5,98,0.5,0.4,0.45,0,0,0,2,0,0,1,4,1,0,1,0,0.598874885,0.40676267,0.735652423,0.656571164,0.710566105,0.273397353,0.958628486,0.052671746,0.642799232,0.440837596,0.557649365,0.551098028,0.006551337
2023-wimbledon-2701,Marketa Vondrousova,Ons Jabeur,0:15:25,1,4,27,0,0,1,2,15,15,1,2,1,13,14,0,0,0,0,0,0,0,0,0,0,1,0,0,0,0,0,0,0,0,0,0,28.781,27.769,7,75,0.4,0.4,0.85,0,0,0,2,0,0,1,5,1,0,1,0,0.714527947,0.284830689,0.500247233,0.607454669,0.575333502,0.424507478,0.398739561,0.513023349,0.535463798,0.495285596,0.643070923,0.483703534,0.159367389
2023-wimbledon-2701,Marketa Vondrousova,Ons Jabeur,0:16:06,1,4,28,0,0,1,2,30,15,1,2,2,13,15,0,0,0,0,0,1,B,0,0,0,0,0,0,0,0,0,0,0,0,0,0,70.185,106.755,20,93,0.5,0.4,0.85,0,0,0,2,0,0,1,5,1,0,0,0,0.719574134,0.282952295,0.962481879,0.425343763,0.625916141,0.378967068,0.444930883,0.559230336,0.682586664,0.459124768,0.55967849,0.480320359,0.079358131
2023-wimbledon-2701,Marketa Vondrousova,Ons Jabeur,0:17:09,1,4,29,0,0,1,2,30,30,1,1,2,13,16,0,0,0,0,0,0,0,0,0,0,0,0,0,0,0,0,0,0,0,0,0,52.919,44.8,12,111,0.9,0.8,0.85,0,0,0,1,0,0,1,5,1,0,0,0,0.780366581,0.224287451,0.704631616,0.947226641,0.903496883,0.101171512,0.99278631,0.086841154,0.924194456,0.379617216,0.708694671,0.421132478,0.287562193
2023-wimbledon-2701,Marketa Vondrousova,Ons Jabeur,0:17:51,1,4,30,0,0,1,2,30,40,1,2,1,14,16,0,0,0,0,0,0,0,0,0,0,0,0,1,0,0,0,1,0,0,0,1,50.061,49.797,13,84,0.75,0.4,0.85,0,0,0,1,0,0,1,4,1,0,0,1,0.703101123,0.302223634,0.595169537,0.677100404,0.735849917,0.248687631,0.471328555,0.585636961,0.627266498,0.371708929,0.633786775,0.343950353,0.289836422
2023-wimbledon-2701,Marketa Vondrousova,Ons Jabeur,0:18:48,1,4,31,0,0,1,2,40,40,1,1,2,14,17,0,0,0,0,0,0,0,0,0,0,0,0,1,0,1,0,0,0,0,0,0,43.118,24.811,6,108,0.5,0.4,0.85,0,0,0,1,0,0,1,3,1,0,0,1,0.587287229,0.411789939,0.583889962,1,0.629347192,0.382378514,0.910836582,0.004863634,0.634753755,0.473739182,0.503833591,0.454393191,0.0494404
2023-wimbledon-2701,Marketa Vondrousova,Ons Jabeur,0:19:19,1,4,32,0,0,1,2,40,AD,1,2,1,15,17,0,0,0,0,0,0,0,0,0,0,0,1,0,1,0,0,1,0,0,0,1,12.882,10.497,3,88,0.5,0.4,0.45,0,0,0,1,0,0,1,2,0,0,0,2,0.491228393,0.513421058,0.548810215,0.714602537,0.721713568,0.284481122,0.461053817,0.575358739,0.444690788,0.464123066,0.477623372,0.475767524,0.001855848
2023-wimbledon-2701,Marketa Vondrousova,Ons Jabeur,0:19:57,1,4,33,0,0,1,2,40,40,1,1,2,15,18,0,0,0,0,0,1,B,0,0,0,0,0,0,0,0,0,0,0,0,0,0,58.849,86.224,16,104,0.65,0.4,0.85,0,0,0,2,0,0,0,2,0,0,0,2,0.470340092,0.532558732,0.94278897,0.584616878,0.690606806,0.299537059,0.990867478,0.084921671,0.766476251,0.398985123,0.545245376,0.449805036,0.09544034
2023-wimbledon-2701,Marketa Vondrousova,Ons Jabeur,0:20:52,1,4,34,0,0,1,2,40,AD,1,1,1,16,18,0,0,0,0,0,0,0,0,0,0,0,0,0,0,0,0,1,0,0,0,1,6.524,11.571,1,109,0.5,0.4,0.45,0,0,0,2,0,0,0,1,0,0,0,3,0.390339985,0.609952144,0.725918304,0.803803449,0.709028312,0.271868347,1,0.094057291,0.672155355,0.435642751,0.608480911,0.429472193,0.179008718
2023-wimbledon-2701,Marketa Vondrousova,Ons Jabeur,0:21:14,1,4,35,0,0,1,2,40,40,1,1,2,16,19,0,0,0,0,0,0,0,0,0,0,0,0,0,0,0,0,0,0,0,0,0,37.097,60.468,10,106,0.5,0.4,0.85,0,0,0,2,0,0,0,0,0,0,0,3,0.275068344,0.729868099,0.892377095,0.628358425,0.626407898,0.379456015,0.95060262,0.044643158,0.50763371,0.457884474,0.537486536,0.507316139,0.030170397
2023-wimbledon-2701,Marketa Vondrousova,Ons Jabeur,0:21:49,1,4,36,0,0,1,2,40,AD,1,1,1,17,19,0,0,0,0,0,0,0,0,0,0,0,0,0,0,0,0,1,0,0,0,1,3.533,5.767,1,95,0.9,0.8,0.85,0,0,0,1,0,0,0,0,0,0,0,4,0.371120844,0.630696785,0.615045058,0.725052266,0.893818433,0.091548363,0.915815974,0.009844715,0.639697044,0.506100862,0.531885138,0.465316441,0.066568697
2023-wimbledon-2701,Marketa Vondrousova,Ons Jabeur,0:22:12,1,4,37,0,0,1,2,40,40,1,1,1,18,19,0,0,0,0,1,0,B,0,0,0,0,1,0,1,0,0,0,0,0,0,0,26.328,49.427,7,112,0.75,0.4,0.85,0,0,1,1,0,0,0,0,0,0,0,4,0.416481349,0.582223249,0.911602083,0.672510799,0.734932528,0.247775484,0.95038669,0.044427155,0.71433908,0.483033449,0.655399573,0.469922028,0.185477545
2023-wimbledon-2701,Marketa Vondrousova,Ons Jabeur,0:22:47,1,4,38,0,0,1,2,AD,40,1,1,1,19,19,1,0,0,0,0,0,0,0,0,0,1,0,0,0,0,0,0,0,0,0,0,24.744,19.043,7,98,0.65,0.4,0.45,0,0,1,1,0,0,0,1,0,0,0,3,0.499016609,0.505141328,0.60728557,0.827645218,0.784843064,0.203498864,0.996223063,0.090279073,0.605891385,0.405364009,0.614965006,0.517376192,0.097588814
2023-wimbledon-2701,Marketa Vondrousova,Ons Jabeur,0:23:25,1,5,39,0,0,2,2,0,0,2,1,2,19,20,0,0,0,0,0,1,F,0,0,0,0,0,0,0,0,0,0,0,0,0,0,11.526,7.982,3,86,0.9,0.8,0.85,0,0,1,2,0,0,0,1,0,0,0,3,0.43736768,0.566117544,0.526739682,0.710886657,0.101879921,0.904585892,0.003719452,0.99440353,0.360897248,0.653824315,0.479245068,0.47528088,0.003964188
2023-wimbledon-2701,Marketa Vondrousova,Ons Jabeur,0:23:44,1,5,40,0,0,2,2,0,15,2,2,2,19,21,0,0,0,0,0,0,0,0,0,0,0,1,0,0,0,0,0,0,0,0,0,40.179,36.982,9,81,0.65,0.4,0.45,0,0,1,2,0,0,0,1,0,0,0,2,0.393080409,0.606760768,0.535187421,0.672281602,0.205031441,0.786844817,0.511920761,0.482346781,0.406406243,0.544027315,0.457349012,0.577144238,-0.119795226
2023-wimbledon-2701,Marketa Vondrousova,Ons Jabeur,0:24:30,1,5,41,0,0,2,2,0,30,2,1,2,19,22,0,0,0,1,0,1,0,0,0,0,0,0,0,0,0,0,0,0,0,0,0,1.266,0.656,1,106,0.5,0.4,0,0,1,1,2,0,0,0,1,0,0,0,2,0.394749257,0.60816272,0.661533844,0.836047584,0.161879937,0.813641835,0.00373365,0.994417733,0.396823393,0.789321714,0.428389857,0.63381483,-0.205424973
2023-wimbledon-2701,Marketa Vondrousova,Ons Jabeur,0:24:58,1,5,42,0,0,2,2,0,40,2,1,1,20,22,0,0,0,0,1,0,F,0,0,0,0,1,0,1,0,0,0,0,0,0,0,26.328,25.321,6,103,0.65,0.4,0.85,0,1,2,2,0,0,0,1,0,0,0,1,0.396867857,0.603442348,0.671504058,0.818067304,0.30139325,0.692920028,0.000504188,0.991187175,0.437059438,0.693650743,0.424697614,0.661964056,-0.237266442
2023-wimbledon-2701,Marketa Vondrousova,Ons Jabeur,0:25:26,1,5,43,0,0,2,2,15,40,2,2,2,20,23,2,0,0,0,0,1,F,0,0,0,0,0,0,0,0,0,0,0,0,0,0,19.95,14.543,5,87,0.5,0.8,0.45,0,1,2,3,0,0,0,1,0,0,0,1,0.333463024,0.661989718,0.530831482,0.737009811,0.195835874,0.804404887,0.518590586,0.489018869,0.319471702,0.672761697,0.318776451,0.630197684,-0.311421233
2023-wimbledon-2701,Marketa Vondrousova,Ons Jabeur,0:27:09,1,6,44,0,0,2,3,0,0,1,2,2,20,24,0,0,0,0,0,0,0,0,0,0,0,0,0,0,0,0,0,0,0,0,0,15.453,12.871,4,83,0.4,0.4,0.45,0,1,2,3,0,0,0,1,0,0,0,0,0.298049488,0.70288951,0.52076756,0.680441495,0.668362527,0.327268947,0.443756408,0.558055463,0.367736918,0.689549041,0.394177325,0.683301022,-0.289123697
2023-wimbledon-2701,Marketa Vondrousova,Ons Jabeur,0:27:58,1,6,45,0,0,2,3,0,15,1,1,2,20,25,0,0,0,0,0,0,0,0,0,1,0,1,0,0,0,0,0,0,0,0,0,17.143,16.82,4,110,0.65,0.4,0.45,0,1,1,3,0,0,1,1,0,0,0,0,0.213270142,0.789843687,0.708417242,0.863968843,0.784074451,0.202734643,0.924553396,0.0185851,0.608332605,0.553244448,0.462041263,0.536344272,-0.074303009
2023-wimbledon-2701,Marketa Vondrousova,Ons Jabeur,0:28:22,1,6,46,0,0,2,3,0,30,1,1,2,20,26,0,0,0,0,0,0,0,0,0,1,0,1,0,0,0,0,0,0,0,0,0,7.952,9.239,2,105,0.75,0.4,0.45,0,1,1,3,0,0,2,0,0,0,0,0,0.056477978,0.947097021,0.676818886,0.810301716,0.831390653,0.15394646,0.94646323,0.040502364,0.485167541,0.558183118,0.604682736,0.586433038,0.018249698
2023-wimbledon-2701,Marketa Vondrousova,Ons Jabeur,0:28:40,1,6,47,0,0,2,3,0,40,1,1,2,20,27,2,0,0,0,0,0,0,0,0,0,0,0,0,0,0,0,1,0,1,0,0,24.522,36.059,6,93,0.5,0.4,0.85,0,1,1,2,0,0,2,0,0,1,0,0,0.103036707,0.901331436,0.701328054,0.630005126,0.618118754,0.371214234,0.989197373,0.083251,0.460579495,0.64643811,0.511391359,0.595704445,-0.084313086
2023-wimbledon-2701,Marketa Vondrousova,Ons Jabeur,0:29:12,1,7,48,0,0,2,4,0,0,2,2,1,21,27,0,0,0,0,0,0,0,0,0,0,0,0,0,0,0,0,0,0,0,0,0,23.801,20.747,6,78,0.4,0.4,0.45,0,1,1,2,0,0,2,0,0,1,0,0,0.104072143,0.901331284,0.497497508,0.648445117,0.330256029,0.671768824,0.511038025,0.481463746,0.381808352,0.714564502,0.432552223,0.669950182,-0.237397959
2023-wimbledon-2701,Marketa Vondrousova,Ons Jabeur,0:29:45,1,7,49,0,0,2,4,15,0,2,1,1,22,27,0,0,0,0,0,0,0,0,0,0,1,0,0,0,0,0,0,0,0,0,0,8.067,5.492,2,102,0.4,0.4,0.45,0,0,1,1,0,0,2,1,0,1,0,0,0.28007355,0.721169677,0.629155056,0.822329512,0.324551755,0.666097143,0.008499255,0.999184954,0.2301733,0.759503767,0.336007172,0.757666053,-0.421658881
2023-wimbledon-2701,Marketa Vondrousova,Ons Jabeur,0:30:03,1,7,50,0,0,2,4,30,0,2,2,1,23,27,0,0,0,0,1,0,B,0,0,0,0,0,0,0,0,0,0,0,0,0,0,5.451,6.791,2,78,0.65,0.4,0.85,0,0,1,1,0,0,2,1,0,1,0,0,0.282631324,0.715708993,0.505958257,0.606475303,0.301801365,0.693325811,0.514665797,0.485092748,0.411059682,0.735941766,0.324653619,0.748220525,-0.423566906
2023-wimbledon-2701,Marketa Vondrousova,Ons Jabeur,0:30:31,1,7,51,0,0,2,4,40,0,2,1,1,24,27,1,0,0,0,1,0,F,0,0,0,0,1,0,1,0,1,0,1,0,0,0,24.172,20.7,6,102,0.5,0.4,0.45,0,0,2,0,0,0,2,1,1,1,0,0,0.406403704,0.590701425,0.645463178,0.834352135,0.282356642,0.719977153,0.004856038,0.995540501,0.39165817,0.702011253,0.458958376,0.625586767,-0.166628391
2023-wimbledon-2701,Marketa Vondrousova,Ons Jabeur,0:32:08,1,8,52,0,0,3,4,0,0,1,2,2,24,28,0,0,0,0,0,0,0,0,0,0,0,0,0,0,0,0,0,0,0,0,0,7.999,9.72,2,83,0.4,0.4,0.45,0,0,2,0,0,0,2,1,1,1,0,0,0.407645027,0.589084683,0.54180146,0.639140023,0.663658434,0.322591733,0.425354444,0.539647258,0.472773411,0.522967878,0.470933652,0.584878113,-0.113944461
2023-wimbledon-2701,Marketa Vondrousova,Ons Jabeur,0:32:53,1,8,53,0,0,3,4,0,15,1,2,1,25,28,0,0,0,0,0,0,0,0,0,0,1,0,0,0,0,0,0,0,0,0,0,4.244,3.307,1,81,0.4,0.4,0.45,0,0,2,0,0,0,1,2,1,1,0,0,0.564327298,0.435511213,0.503768196,0.64678908,0.671894828,0.330781066,0.425327818,0.539620623,0.531046895,0.427783328,0.552140503,0.50464522,0.047495283
2023-wimbledon-2701,Marketa Vondrousova,Ons Jabeur,0:33:23,1,8,54,0,0,3,4,15,15,1,2,1,26,28,0,0,0,0,0,0,0,0,0,0,0,1,0,1,0,0,0,0,0,0,0,24.995,46.788,7,96,0.5,0.8,0.45,0,0,2,0,0,0,0,2,1,1,0,0,0.609455931,0.396683536,0.800442957,0.563704661,0.798834461,0.190707222,0.405781212,0.520067388,0.712670304,0.330908823,0.59597173,0.384245662,0.211726068
2023-wimbledon-2701,Marketa Vondrousova,Ons Jabeur,0:34:19,1,8,55,0,0,3,4,30,15,1,1,1,27,28,0,0,0,0,0,0,0,0,0,0,0,0,0,0,0,0,0,0,0,0,0,4.839,9.032,1,98,0.75,0.4,0.85,0,0,2,0,0,0,0,2,1,0,0,0,0.625828032,0.375640346,0.649352533,0.729173179,0.747821051,0.260590364,0.966067549,0.060113331,0.793543969,0.389796856,0.736793096,0.42763073,0.309162366
2023-wimbledon-2701,Marketa Vondrousova,Ons Jabeur,0:34:38,1,8,56,0,0,3,4,40,15,1,1,1,28,28,1,0,0,0,0,0,0,0,0,0,0,0,0,0,0,0,0,0,0,0,0,5.899,7.398,1,112,0.9,0.4,0.45,0,0,2,0,0,0,0,2,1,0,0,0,0.625219442,0.382336307,0.717863712,0.859142882,0.9063994,0.084775578,0.98435095,0.078402934,0.78102994,0.436997483,0.733060146,0.379777078,0.353283068
2023-wimbledon-2701,Marketa Vondrousova,Ons Jabeur,0:35:03,1,9,57,0,0,4,4,0,0,2,2,1,29,28,0,0,0,0,0,0,0,0,0,0,1,0,0,0,0,0,0,0,0,0,0,14.938,12.376,4,76,0.4,0.4,0.45,0,0,2,0,0,0,0,2,1,0,0,0,0.623338126,0.380055977,0.476599079,0.62744198,0.333416684,0.674911419,0.510258728,0.480684185,0.445327044,0.599416975,0.64005215,0.430285252,0.209766898
2023-wimbledon-2701,Marketa Vondrousova,Ons Jabeur,0:35:40,1,9,58,0,0,4,4,15,0,2,2,2,29,29,0,0,0,0,0,1,B,0,0,0,0,0,0,0,0,0,0,0,0,0,0,26.601,23.132,7,76,0.4,0.4,0.45,0,0,1,1,0,0,0,2,1,0,0,0,0.520121353,0.480967617,0.486823373,0.638885298,0.322977415,0.664531798,0.513123806,0.483550234,0.465556837,0.642330547,0.550672582,0.583463672,-0.03279109
2023-wimbledon-2701,Marketa Vondrousova,Ons Jabeur,0:36:23,1,9,59,0,0,4,4,15,15,2,1,1,30,29,0,0,0,0,0,0,0,0,0,0,1,0,0,0,0,0,0,0,0,0,0,19.874,16.274,4,91,0.9,0.8,0.85,0,0,0,1,0,0,0,3,0,0,0,0,0.567672857,0.430325879,0.566158321,0.747163494,0.093635841,0.896388917,0.000272707,0.990955616,0.371772447,0.693892956,0.453625117,0.610552435,-0.156927318
2023-wimbledon-2701,Marketa Vondrousova,Ons Jabeur,0:36:44,1,9,60,0,0,4,4,30,15,2,1,1,31,29,0,0,0,0,0,0,0,0,0,0,1,0,1,0,0,0,0,0,0,0,0,24.674,23.414,6,106,0.5,0.4,0.45,0,0,0,1,0,0,0,4,0,0,0,0,0.690112155,0.313998584,0.687454639,0.844382908,0.280040438,0.717674184,0.002473644,0.9931573,0.553819794,0.70833387,0.484019537,0.710934614,-0.226915077
2023-wimbledon-2701,Marketa Vondrousova,Ons Jabeur,0:37:15,1,9,61,0,0,4,4,40,15,2,1,1,32,29,1,0,0,0,0,0,0,0,0,0,1,0,0,0,0,1,0,1,0,0,0,22.988,14.377,4,92,0.9,0.8,0.45,0,0,0,1,0,0,0,4,1,0,0,0,0.706417629,0.293743735,0.536888704,0.797752683,0.00701599,1,0.000511665,0.991194655,0.313341548,0.721067255,0.412736633,0.696759078,-0.284022445
2023-wimbledon-2701,Marketa Vondrousova,Ons Jabeur,0:38:50,1,10,62,0,0,5,4,0,0,1,1,1,33,29,0,0,0,0,0,0,0,0,0,0,1,0,0,0,0,0,0,0,0,0,0,15.914,28.172,5,93,0.5,0.4,0.45,0,0,0,1,0,0,0,5,1,0,0,0,0.828060157,0.176656063,0.698151883,0.625910273,0.715513827,0.278316805,0.931937991,0.025972199,0.844067971,0.369285092,0.628915516,0.526675507,0.102240009
2023-wimbledon-2701,Marketa Vondrousova,Ons Jabeur,0:39:14,1,10,63,0,0,5,4,15,0,1,2,1,34,29,0,0,0,0,0,0,0,0,0,0,0,0,0,0,0,0,0,0,0,0,0,3.409,8.126,1,97,0.5,0.4,0.45,0,0,0,1,0,0,0,5,1,0,0,0,0.826898852,0.1797406,0.64610648,0.71789757,0.710595419,0.2734265,0.477805589,0.592116192,0.685835435,0.473170363,0.639582994,0.445951224,0.19363177
2023-wimbledon-2701,Marketa Vondrousova,Ons Jabeur,0:39:44,1,10,64,0,0,5,4,30,0,1,2,1,35,29,0,0,0,0,0,0,0,0,0,0,1,0,0,0,0,0,0,0,0,0,0,7.163,9.551,1,77,0.5,0.4,0.85,0,0,0,1,0,0,0,6,1,0,0,0,0.938418604,0.060282762,0.505278039,0.584162377,0.621720771,0.374795669,0.445682954,0.559982663,0.749868249,0.33679951,0.620037787,0.397670875,0.222366912
2023-wimbledon-2701,Marketa Vondrousova,Ons Jabeur,0:40:12,1,10,65,0,0,5,4,40,0,1,1,1,36,29,1,1,0,0,0,0,0,0,0,0,0,0,0,0,0,0,0,0,0,0,0,4.467,9.971,1,106,0.75,0.4,0.45,0,0,0,1,0,0,0,5,1,0,0,0,0.822848515,0.176759915,0.709214341,0.778398734,0.834755381,0.157291963,0.905974597,0,0.729458274,0.185998377,0.6448321,0.329233172,0.315598928
2023-wimbledon-2701,Marketa Vondrousova,Ons Jabeur,0:43:59,2,1,66,0,0,6,4,0,0,2,1,1,37,29,0,0,0,0,0,0,0,0,0,0,1,0,1,0,0,0,0,0,0,0,0,18.256,19.169,4,90,0.75,0.4,0.45,0,0,0,0,0,0,0,6,1,0,0,0,0.999025691,0.00323777,0.592622953,0.699965717,0.15042047,0.828379913,0.007934084,0.998619592,0.475840422,0.428871238,0.597818405,0.400209975,0.19760843
2023-wimbledon-2701,Marketa Vondrousova,Ons Jabeur,0:44:19,2,1,67,1,0,0,0,15,0,2,1,1,38,29,0,0,0,0,0,0,0,0,0,0,1,0,0,0,0,0,0,0,0,0,0,16.56,13.373,4,105,0.4,0.4,0.45,0,0,0,0,0,0,0,6,1,0,0,0,1,0,0.655215009,0.852292329,0.326461768,0.667996242,0.002547101,0.993230782,0.561160681,0.502599952,0.568177836,0.482101419,0.086076417
2023-wimbledon-2701,Marketa Vondrousova,Ons Jabeur,0:44:46,2,1,68,1,0,0,0,30,0,2,2,2,38,30,0,0,0,0,0,1,B,0,0,0,0,0,1,0,1,0,0,0,0,0,0,23.718,27.491,7,77,0.4,0.4,0.45,0,0,0,1,0,0,0,5,1,0,0,0,0.822516656,0.177050055,0.54548817,0.58315601,0.322636752,0.664193081,0.517813715,0.488241734,0.647632131,0.500486401,0.587112463,0.511362437,0.075750026
2023-wimbledon-2701,Marketa Vondrousova,Ons Jabeur,0:45:24,2,1,69,1,0,0,0,30,15,2,1,2,38,31,0,0,0,0,0,0,0,0,0,0,0,0,0,0,0,0,0,0,0,0,0,4.163,4.962,1,104,0.4,0.8,0.85,0,0,0,1,0,0,0,4,0,0,0,0,0.68845378,0.3173837,0.661276007,0.805958722,0.326296405,0.648549958,0.002054453,0.992737966,0.382243671,0.552983594,0.474328149,0.510229893,-0.035901744
2023-wimbledon-2701,Marketa Vondrousova,Ons Jabeur,0:45:41,2,1,70,1,0,0,0,30,30,2,2,1,39,31,0,0,0,0,0,0,0,0,0,0,1,0,0,0,0,0,0,0,0,0,0,23.191,21.246,6,74,0.65,0.4,0.45,0,0,0,1,0,0,0,4,0,0,0,0,0.684585338,0.313404472,0.480271158,0.608471701,0.205350691,0.787162243,0.511520911,0.481946796,0.53410937,0.434650135,0.495755084,0.551324235,-0.055569151
2023-wimbledon-2701,Marketa Vondrousova,Ons Jabeur,0:46:23,2,1,71,1,0,0,0,40,30,2,1,1,40,31,1,0,0,0,0,0,0,0,0,0,1,0,0,0,0,1,0,1,0,0,0,15.046,10.778,2,103,0.5,0.4,0.45,0,0,0,1,0,0,0,5,1,0,0,0,0.825150252,0.17595307,0.627067707,0.840053554,0.26938945,0.707084054,0.006145837,0.996830738,0.40263035,0.535422011,0.400095251,0.472681565,-0.072586314
2023-wimbledon-2701,Marketa Vondrousova,Ons Jabeur,0:47:14,2,2,72,1,0,1,0,0,0,1,2,1,41,31,0,0,0,0,0,0,0,0,0,0,1,0,0,0,0,0,0,0,0,0,0,3.57,3.146,1,81,0.4,0.4,0.45,0,0,0,1,0,0,0,5,1,0,0,0,0.824369626,0.178414702,0.50719008,0.642651797,0.676291115,0.335152233,0.456598479,0.570901889,0.700248346,0.442444264,0.602311563,0.550606713,0.05170485
2023-wimbledon-2701,Marketa Vondrousova,Ons Jabeur,0:47:41,2,2,73,1,0,1,0,15,0,1,1,1,42,31,0,0,0,0,1,0,F,0,0,0,0,0,0,0,0,0,0,0,0,0,0,6.983,11.154,3,96,0.9,0.8,0.45,0,0,1,1,0,0,0,5,1,0,0,0,0.872345682,0.138034919,0.644495566,0.720515076,0.992570325,0,0.930067149,0.024100723,0.773362082,0.229173164,0.609224226,0.371912776,0.23731145
2023-wimbledon-2701,Marketa Vondrousova,Ons Jabeur,0:48:03,2,2,74,1,0,1,0,30,0,1,1,1,43,31,0,0,0,0,0,0,0,0,0,0,0,0,0,0,0,0,0,0,0,0,0,4.331,7.99,1,110,0.5,0.4,0.45,0,0,1,1,0,0,0,4,1,0,0,0,0.753037474,0.254202627,0.720479475,0.825579651,0.710291559,0.273124376,0.929029079,0.0230623,0.761374385,0.255413868,0.689544308,0.374313717,0.315230591
2023-wimbledon-2701,Marketa Vondrousova,Ons Jabeur,0:48:22,2,2,75,1,0,1,0,40,0,1,2,2,43,32,0,0,0,0,0,0,0,0,0,0,0,0,0,0,0,0,0,0,0,0,0,6.952,13.03,2,87,0.75,0.4,0.45,0,0,1,1,0,0,0,3,1,0,0,0,0.634065659,0.365109769,0.598880134,0.630929365,0.830537863,0.153098543,0.477412034,0.591722503,0.658332648,0.42912323,0.663732693,0.482839797,0.180892896
2023-wimbledon-2701,Marketa Vondrousova,Ons Jabeur,0:48:52,2,2,76,1,0,1,0,40,15,1,2,2,43,33,0,0,0,0,0,1,B,0,0,0,0,1,0,0,0,0,0,0,0,0,0,18.624,38.705,6,94,0.5,0.4,0.45,0,0,1,1,0,0,0,3,1,0,0,0,0.634985445,0.366386779,0.767876689,0.56474376,0.706823765,0.269676397,0.411880729,0.526168974,0.570255039,0.514805171,0.611273935,0.407749335,0.2035246
2023-wimbledon-2701,Marketa Vondrousova,Ons Jabeur,0:49:37,2,2,77,1,0,1,0,40,30,1,1,2,43,34,0,0,0,0,0,1,F,0,0,0,0,0,0,0,0,0,0,0,0,0,0,14.848,16.769,4,106,0.5,0.4,0.85,0,0,1,2,0,0,0,3,1,0,0,0,0.573731971,0.425497727,0.698642731,0.814985663,0.620523698,0.373605436,0.929387323,0.023420666,0.636381269,0.354847185,0.550829301,0.510998184,0.039831117
2023-wimbledon-2701,Marketa Vondrousova,Ons Jabeur,0:49:59,2,2,78,1,0,1,0,40,40,1,2,2,43,35,0,0,0,0,0,0,0,1,0,1,0,0,0,0,0,0,0,0,0,0,0,2.561,4.772,0,0,0.4,0.8,0,0,0,1,2,1,0,1,2,1,0,0,0,0.39591453,0.603294013,0.013827582,0,0.867479389,0.141340949,0.467524327,0.581831443,0.364213097,0.34245982,0.469447554,0.439215467,0.030232087
2023-wimbledon-2701,Marketa Vondrousova,Ons Jabeur,0:50:32,2,2,79,1,0,1,0,40,AD,1,1,1,44,35,0,0,0,0,0,0,0,0,0,0,0,0,0,0,0,0,1,0,0,0,1,4.3,4.636,1,95,0.9,0.4,0.45,0,0,1,2,1,0,1,1,0,0,0,1,0.29360087,0.703176953,0.601324505,0.741641314,0.910234799,0.088589062,0.974352066,0.068400658,0.716938234,0.554383943,0.534729015,0.492084691,0.042644324
2023-wimbledon-2701,Marketa Vondrousova,Ons Jabeur,0:50:52,2,2,80,1,0,1,0,40,40,1,2,2,44,36,0,0,0,0,0,1,F,0,0,0,0,0,1,0,1,0,0,0,0,0,0,31.918,44.313,8,81,0.4,0.4,0.85,0,0,1,3,1,0,1,0,0,0,0,1,0.119793728,0.882899948,0.643416176,0.533490882,0.56427908,0.413516218,0.428867154,0.54316116,0.287044595,0.604126763,0.487551047,0.63120238,-0.143651333
2023-wimbledon-2701,Marketa Vondrousova,Ons Jabeur,0:51:33,2,2,81,1,0,1,0,40,AD,1,1,2,44,37,2,0,0,0,0,0,0,0,0,0,0,0,1,0,1,0,1,0,1,0,0,57.146,60.988,10,96,0.9,0.4,0.45,0,0,0,3,1,0,1,0,0,1,0,1,0.062929766,0.938874342,0.695808168,0.714020147,0.904316855,0.082704933,0.969818076,0.063865131,0.449822912,0.498712987,0.47899062,0.585961435,-0.106970815
2023-wimbledon-2701,Marketa Vondrousova,Ons Jabeur,0:52:19,2,3,82,1,0,1,1,0,0,2,1,2,44,38,0,0,0,0,0,0,0,0,0,0,0,0,0,0,0,0,0,0,0,0,0,51.161,31.35,9,88,0.9,0.4,0.45,0,0,0,3,1,0,1,0,0,1,0,1,0.064427548,0.939502948,0.461708194,0.867524915,0.090674816,0.912726677,3.71E-05,0.990719906,0.202313855,0.838898817,0.253314982,0.682413129,-0.429098147
2023-wimbledon-2701,Marketa Vondrousova,Ons Jabeur,0:52:53,2,3,83,1,0,1,1,0,15,2,2,2,44,39,0,0,0,0,0,1,F,0,0,0,0,0,0,0,0,0,0,0,0,0,0,26.747,17.621,7,79,0.65,0.4,0.45,0,0,0,4,1,0,1,0,0,1,0,1,0,1,0.463473017,0.712718313,0.202041312,0.783871774,0.514247826,0.484674636,0.261887892,0.838072147,0.408608554,0.730567997,-0.321959443
2023-wimbledon-2701,Marketa Vondrousova,Ons Jabeur,0:53:44,2,3,84,1,0,1,1,0,30,2,2,2,44,40,0,0,0,0,0,0,0,0,0,0,0,0,0,0,0,0,0,0,0,0,0,24.456,18.393,5,83,0.75,0.4,0.45,0,0,0,3,1,0,1,0,0,1,0,1,0.05772493,0.936572201,0.503549501,0.709194311,0.157343832,0.835263715,0.511120748,0.481546497,0.186413777,0.827837552,0.262020961,0.736530539,-0.474509578
2023-wimbledon-2701,Marketa Vondrousova,Ons Jabeur,0:54:19,2,3,85,1,0,1,1,0,40,2,1,2,44,41,2,0,0,0,0,1,F,0,0,0,0,0,0,0,0,0,0,0,0,0,0,9.098,6.792,3,105,0.75,0.4,0.45,0,0,0,3,1,0,1,0,0,1,0,1,0.060036774,0.941818713,0.653938864,0.845900218,0.163299463,0.841185317,0.002261434,0.992945017,0.221173565,0.985937371,0.34140069,0.809007704,-0.467607014
2023-wimbledon-2701,Marketa Vondrousova,Ons Jabeur,0:56:03,2,4,86,1,0,1,2,0,0,1,1,1,45,41,0,0,0,0,0,0,0,0,0,0,0,0,0,0,0,0,0,0,0,0,0,17.592,22.517,3,107,0.4,0.8,0.45,0,0,0,3,0,0,0,0,0,1,0,1,0.125451269,0.880528833,0.72579334,0.789424044,0.749273612,0.237263584,0.942560748,0.036598559,0.548741433,0.652017142,0.432279978,0.658921837,-0.226641859
2023-wimbledon-2701,Marketa Vondrousova,Ons Jabeur,0:56:35,2,4,87,1,0,1,2,15,0,1,2,2,45,42,0,0,0,0,0,1,B,0,0,0,0,0,1,0,1,0,0,0,0,0,0,14.374,41.375,4,94,0.5,0.4,0.85,0,0,0,4,0,0,0,0,0,1,0,0,0.024689601,0.977005478,0.810445533,0.497405129,0.628254582,0.381292148,0.405930687,0.520216914,0.428982604,0.59444792,0.464953606,0.583330143,-0.118376537
2023-wimbledon-2701,Marketa Vondrousova,Ons Jabeur,0:57:09,2,4,88,1,0,1,2,15,15,1,1,2,45,43,0,0,0,0,0,0,0,0,0,0,0,0,0,0,0,0,0,0,0,0,0,41.641,83.236,10,101,0.4,0.4,0.45,0,0,0,3,0,0,0,0,0,1,0,0,0.084734182,0.91296335,1,0.422233766,0.66476645,0.323693418,0.931986288,0.026020513,0.481289543,0.509539863,0.441898803,0.56051379,-0.118614987
2023-wimbledon-2701,Marketa Vondrousova,Ons Jabeur,0:57:44,2,4,89,1,0,1,2,15,30,1,2,1,46,43,0,0,0,0,1,0,B,0,0,0,0,1,0,1,0,0,0,0,0,0,0,27.023,36.491,7,81,0.4,0.4,0.45,0,0,1,3,0,0,0,0,0,0,0,0,0.146025536,0.860419413,0.615243506,0.559618435,0.6582578,0.317221957,0.47716068,0.591471064,0.486393996,0.647276379,0.524842966,0.594608842,-0.069765876
2023-wimbledon-2701,Marketa Vondrousova,Ons Jabeur,0:58:27,2,4,90,1,0,1,2,30,30,1,2,2,46,44,0,0,0,0,0,0,0,0,0,0,0,0,0,0,0,0,0,0,0,0,0,9.405,10.48,2,83,0.4,0.4,0.85,0,0,1,3,0,0,0,0,0,0,0,0,0.139765348,0.860697123,0.537834601,0.643936216,0.567870371,0.41708699,0.453572823,0.567875207,0.397660325,0.720761691,0.536517501,0.671661441,-0.13514394
2023-wimbledon-2701,Marketa Vondrousova,Ons Jabeur,0:59:00,2,4,91,1,0,1,2,30,40,1,1,2,46,45,2,0,0,0,0,0,0,0,0,1,0,0,0,0,0,0,1,0,1,0,0,14.031,24.205,4,110,0.5,0.4,0.85,0,0,1,2,0,0,1,0,0,1,0,0,0.149147498,0.85002932,0.784993391,0.771383253,0.616500862,0.369605586,0.928149613,0.022182536,0.445432511,0.536644933,0.439194274,0.652815106,-0.213620832
2023-wimbledon-2701,Marketa Vondrousova,Ons Jabeur,0:59:44,2,5,92,1,0,1,3,0,0,2,1,1,47,45,0,0,0,0,0,0,0,0,0,0,1,0,0,0,0,0,0,0,0,0,0,17.191,16.583,4,100,0.5,0.4,0.85,0,0,1,2,0,0,1,1,0,1,0,0,0.26291407,0.736677314,0.643456042,0.790508187,0.379272619,0.626603366,0.007982971,0.998668495,0.316949154,0.795860946,0.400664729,0.76543355,-0.364768821
2023-wimbledon-2701,Marketa Vondrousova,Ons Jabeur,1:00:04,2,5,93,1,0,1,3,15,0,2,2,1,48,45,0,0,0,0,0,0,0,0,0,0,0,0,0,0,0,0,0,0,0,0,0,4.31,5.323,2,79,0.4,0.4,0.85,0,0,1,1,0,0,1,1,0,1,0,0,0.32379902,0.673646282,0.509098596,0.617878728,0.411790949,0.563101863,0.514582987,0.48500991,0.322785266,0.53124724,0.452542839,0.563674135,-0.111131296
2023-wimbledon-2701,Marketa Vondrousova,Ons Jabeur,1:00:37,2,5,94,1,0,1,3,30,0,2,1,2,48,46,0,0,0,0,0,1,B,0,0,0,0,0,0,0,0,0,0,0,0,0,0,34.056,22.607,7,89,0.9,0.8,0.85,0,0,1,2,0,0,1,1,0,1,0,0,0.262072249,0.73415478,0.513451466,0.804294099,0.099617253,0.902336152,0.005924807,0.996609632,0.255649541,0.921847043,0.343700885,0.684044878,-0.340343993
2023-wimbledon-2701,Marketa Vondrousova,Ons Jabeur,1:01:04,2,5,95,1,0,1,3,30,15,2,2,2,48,47,0,0,0,0,0,0,0,0,0,1,0,0,0,0,0,0,0,0,0,0,0,10.565,12.834,3,77,0.75,0.4,0.85,0,0,1,1,0,0,2,1,0,1,0,0,0.281343423,0.720979523,0.513040199,0.590647522,0.261182491,0.748773055,0.5107801,0.481205734,0.319241374,0.672247209,0.440502281,0.738735259,-0.298232978
2023-wimbledon-2701,Marketa Vondrousova,Ons Jabeur,1:01:36,2,5,96,1,0,1,3,30,30,2,2,1,49,47,0,0,0,0,0,0,0,0,0,0,0,0,0,0,0,0,0,0,0,0,0,15.355,18.183,6,81,0.4,0.4,0.85,0,0,1,1,0,0,2,1,0,1,0,0,0.284709991,0.718634923,0.555149482,0.624341,0.416030076,0.567316769,0.51787122,0.488299258,0.384398652,0.554001687,0.430972693,0.607788918,-0.176816225
2023-wimbledon-2701,Marketa Vondrousova,Ons Jabeur,1:02:11,2,5,97,1,0,1,3,40,30,2,1,1,50,47,1,0,0,0,0,0,0,0,0,0,0,0,0,0,0,1,0,1,0,0,0,56.564,50.167,12,104,0.5,0.4,0.85,0,0,0,1,0,0,2,1,1,1,0,0,0.25840471,0.739774695,0.675743562,0.875752086,0.376399775,0.623746937,0.009314025,1,0.322544319,0.854802723,0.301021367,0.709551546,-0.408530179
2023-wimbledon-2701,Marketa Vondrousova,Ons Jabeur,1:04:12,2,6,98,1,0,2,3,0,0,1,1,1,51,47,0,0,0,0,0,0,0,0,0,0,1,0,0,0,0,0,0,0,0,0,0,10.131,11.651,3,97,0.4,0.4,0.45,0,0,0,1,0,0,2,2,1,1,0,0,0.378293923,0.627684686,0.632892767,0.749743923,0.673352453,0.332230362,0.994077239,0.088132521,0.645212488,0.439448008,0.400565982,0.618093447,-0.217527465
2023-wimbledon-2701,Marketa Vondrousova,Ons Jabeur,1:04:33,2,6,99,1,0,2,3,15,0,1,1,1,52,47,0,0,0,0,0,0,0,0,0,0,1,0,0,0,0,0,0,0,0,0,0,39.246,67.749,11,94,0.75,0.4,0.45,0,0,0,1,0,0,1,3,1,0,0,0,0.551311215,0.456162744,0.859918954,0.49313389,0.839837881,0.162345423,0.979948221,0.073998711,0.800438782,0.417665867,0.581289471,0.464485593,0.116803878
2023-wimbledon-2701,Marketa Vondrousova,Ons Jabeur,1:05:08,2,6,100,1,0,2,3,30,0,1,2,2,52,48,0,0,0,0,0,0,0,1,0,1,0,0,0,0,0,0,0,0,0,0,0,2.92,3.942,0,0,0.5,0.8,0,0,0,0,1,1,0,2,2,1,0,0,0,0.369468586,0.62716596,0.005157759,0.010482385,0.902805105,0.080630792,0.396062547,0.510345427,0.337346823,0.46884912,0.565776665,0.436059883,0.129716782
2023-wimbledon-2701,Marketa Vondrousova,Ons Jabeur,1:05:37,2,6,101,1,0,2,3,30,15,1,2,2,52,49,0,0,0,0,0,1,F,0,0,0,0,0,1,0,1,0,0,0,0,0,0,34.251,47.516,10,84,0.4,0.4,0.85,0,0,0,2,1,0,2,2,1,0,0,0,0.310393438,0.691602624,0.676774682,0.554629269,0.574525452,0.423704045,0.403536694,0.517822108,0.391997589,0.653334425,0.464603624,0.483542524,-0.0189389
2023-wimbledon-2701,Marketa Vondrousova,Ons Jabeur,1:06:43,2,6,102,1,0,2,3,30,30,1,2,1,53,49,0,0,0,0,0,0,0,0,0,0,1,0,0,0,0,0,0,0,0,0,0,11.514,18.123,3,72,0.4,0.4,0.45,0,0,0,1,1,0,2,3,1,0,0,0,0.487732857,0.510465913,0.514643659,0.512707329,0.673372917,0.332250709,0.398232496,0.512516112,0.563440459,0.580705555,0.446474757,0.58722123,-0.140746473
2023-wimbledon-2701,Marketa Vondrousova,Ons Jabeur,1:07:25,2,6,103,1,0,2,3,40,30,1,1,1,54,49,1,0,0,0,0,0,0,0,0,0,0,1,0,1,0,0,0,0,0,0,0,34.211,54.192,9,101,0.75,0.8,0.85,0,0,0,1,1,0,1,3,1,0,0,0,0.52798842,0.473847405,0.830546291,0.619179367,0.821728318,0.163621201,0.913435767,0.0074637,0.732500673,0.442759611,0.610072175,0.563629625,0.04644255
2023-wimbledon-2701,Marketa Vondrousova,Ons Jabeur,1:08:22,2,7,104,1,0,3,3,0,0,2,2,2,54,50,0,0,0,0,0,1,B,0,0,0,0,0,1,0,1,0,0,0,0,0,0,27.373,20.734,7,86,0.65,0.8,0.45,0,0,0,2,1,0,1,3,1,0,0,0,0.472009984,0.53417753,0.52645473,0.742971396,0.118864846,0.871624701,0.514709652,0.485136618,0.501640928,0.571347661,0.563777596,0.603284655,-0.039507059
2023-wimbledon-2701,Marketa Vondrousova,Ons Jabeur,1:08:58,2,7,105,1,0,3,3,0,15,2,2,1,55,50,0,0,0,0,0,0,0,0,0,0,1,0,0,0,0,0,0,0,0,0,0,21,17.846,6,76,0.4,0.4,0.45,0,0,0,2,1,0,1,4,0,0,0,0,0.566508836,0.436806132,0.482457926,0.636228356,0.321673894,0.663235725,0.5164145,0.486842045,0.563861553,0.489557578,0.634864866,0.615147275,0.019717591
2023-wimbledon-2701,Marketa Vondrousova,Ons Jabeur,1:09:35,2,7,106,1,0,3,3,15,15,2,2,1,56,50,0,0,0,0,0,0,0,0,0,0,0,0,0,0,0,0,0,0,0,0,0,13.004,11.466,4,82,0.65,0.4,0.45,0,0,0,2,1,0,1,3,0,0,0,0,0.447386738,0.557785493,0.520783887,0.665221454,0.213364661,0.795130423,0.515480517,0.485907745,0.487887013,0.616110783,0.540338602,0.548064732,-0.00772613
2023-wimbledon-2701,Marketa Vondrousova,Ons Jabeur,1:10:08,2,7,107,1,0,3,3,30,15,2,2,2,56,51,0,0,0,0,0,0,0,0,0,1,0,0,0,0,0,0,0,0,0,0,0,3.631,3.699,1,78,0.65,0.4,0.45,0,0,0,2,1,0,2,2,0,0,0,0,0.289207342,0.710523466,0.492048356,0.615358233,0.195694473,0.777561199,0.516441081,0.486868635,0.311503111,0.73306427,0.47645343,0.675434538,-0.198981108
2023-wimbledon-2701,Marketa Vondrousova,Ons Jabeur,1:10:34,2,7,108,1,0,3,3,30,30,2,1,2,56,52,0,0,0,0,0,1,0,0,0,0,0,0,0,0,0,0,0,0,0,0,0,1.175,0.627,1,108,0.5,0.8,0,0,0,0,3,0,0,1,2,0,0,0,0,0.289887185,0.709672341,0.674513486,0.850754946,0.077799615,0.900496071,0.007566773,0.998252156,0.300918861,0.801239753,0.407373165,0.744139262,-0.336766097
2023-wimbledon-2701,Marketa Vondrousova,Ons Jabeur,1:10:49,2,7,109,1,0,3,3,30,40,2,1,2,56,53,2,0,0,0,0,1,F,0,0,0,0,0,0,0,0,0,0,0,0,0,0,20.515,14.328,5,90,0.5,0.4,0.45,0,0,0,3,0,0,1,2,0,0,0,0,0.287961938,0.711627039,0.544204193,0.766442228,0.28094655,0.718575118,0.008251575,0.99893719,0.344862367,0.802475399,0.303019213,0.771922789,-0.468903576
2023-wimbledon-2701,Marketa Vondrousova,Ons Jabeur,1:12:23,2,8,110,1,0,3,4,0,0,1,1,1,57,53,0,0,0,0,0,0,0,0,0,0,0,0,0,0,0,0,0,0,0,0,0,6.422,11.311,1,103,0.5,0.4,0.85,0,0,0,3,0,0,1,1,0,0,0,0,0.174421947,0.827532987,0.68695847,0.759706639,0.619818315,0.372904084,0.915937343,0.009966125,0.556722574,0.66784226,0.436795529,0.679871951,-0.243076422
2023-wimbledon-2701,Marketa Vondrousova,Ons Jabeur,1:12:47,2,8,111,1,0,3,4,15,0,1,1,1,58,53,0,0,0,0,1,0,0,0,0,0,0,0,0,0,0,0,0,0,0,0,0,1.042,1.389,1,112,0.5,0.4,0,0,0,1,3,0,0,1,1,0,0,0,0,0.220185782,0.781255437,0.706267698,0.873163224,0.820031587,0.168784364,0.920594648,0.014625009,0.564175161,0.516642012,0.543671759,0.58564872,-0.041976961
2023-wimbledon-2701,Marketa Vondrousova,Ons Jabeur,1:13:04,2,8,112,1,0,3,4,30,0,1,2,2,58,54,0,0,0,0,0,0,0,1,0,1,0,0,0,0,0,0,0,0,0,0,0,4.391,6.028,0,0,0.65,0.8,0.45,0,0,1,2,1,0,2,1,0,0,0,0,0.217287911,0.783188228,0.010659428,0.003830507,0.87249856,0.120199375,0.456600415,0.570903826,0.420633828,0.420638125,0.513354552,0.503387237,0.009967315
2023-wimbledon-2701,Marketa Vondrousova,Ons Jabeur,1:13:35,2,8,113,1,0,3,4,30,15,1,1,1,59,54,0,0,0,0,1,0,B,0,0,0,0,0,0,0,0,0,0,0,0,0,0,7.877,17.953,3,95,0.9,0.8,0.45,0,0,2,2,1,0,2,0,0,0,0,0,0.140355129,0.85613585,0.682910786,0.658868254,1,0.007387223,0.960451756,0.054495634,0.581929216,0.472212856,0.44996548,0.43681783,0.01314765
2023-wimbledon-2701,Marketa Vondrousova,Ons Jabeur,1:13:56,2,8,114,1,0,3,4,40,15,1,2,1,60,54,1,0,0,0,0,0,0,0,0,0,1,0,0,0,0,0,0,0,0,0,0,5.223,6.962,1,77,0.4,0.4,0.85,0,0,2,2,1,0,2,1,0,0,0,0,0.261514473,0.741482658,0.499234164,0.591469819,0.568909587,0.418120268,0.41300219,0.527290815,0.386537594,0.586248051,0.47680866,0.495987893,-0.019179233
2023-wimbledon-2701,Marketa Vondrousova,Ons Jabeur,1:14:34,2,9,115,1,0,4,4,0,0,2,1,1,61,54,0,0,0,0,0,0,0,0,0,0,1,0,1,0,0,0,0,0,0,0,0,12.391,10.765,2,93,0.9,0.4,0.45,0,0,2,2,1,0,1,2,0,0,0,0,0.4165415,0.584133724,0.582332204,0.742138704,0.078563909,0.900684969,0.00738827,0.998073592,0.226042996,0.745934742,0.32207988,0.629333918,-0.307254038
2023-wimbledon-2701,Marketa Vondrousova,Ons Jabeur,1:14:52,2,9,116,1,0,4,4,15,0,2,1,2,61,55,0,0,0,0,0,1,F,0,0,0,0,0,1,0,1,0,0,0,0,0,0,16.329,12.545,5,105,0.5,0.4,0.45,0,0,2,2,1,0,1,2,0,0,0,0,0.418077238,0.5826766,0.653890822,0.861828411,0.278325069,0.715968616,0.00714691,0.997832151,0.395212754,0.704413001,0.337416577,0.698168324,-0.360751747
2023-wimbledon-2701,Marketa Vondrousova,Ons Jabeur,1:15:22,2,9,117,1,0,4,4,15,15,2,2,1,62,55,0,0,0,0,0,0,0,0,0,0,1,0,0,0,0,0,0,0,0,0,0,10.307,8.289,2,74,0.75,0.4,0.45,0,0,2,1,1,0,1,3,0,0,0,0,0.593186386,0.406891927,0.458688085,0.602826839,0.153017868,0.83096247,0.514737061,0.485164036,0.489390806,0.502687443,0.44547774,0.667624684,-0.222146944
2023-wimbledon-2701,Marketa Vondrousova,Ons Jabeur,1:15:51,2,9,118,1,0,4,4,30,15,2,1,2,62,56,0,0,0,0,0,1,F,0,0,0,0,0,1,0,1,0,0,0,0,0,0,15.603,14.085,5,104,0.5,0.4,0.45,0,0,2,2,1,0,1,3,0,0,0,0,0.534629502,0.467878682,0.664102151,0.834281943,0.278228154,0.715872254,0,0.990682816,0.438986981,0.596860509,0.479351454,0.579141311,-0.099789857
2023-wimbledon-2701,Marketa Vondrousova,Ons Jabeur,1:16:14,2,9,119,1,0,4,4,30,30,2,1,1,63,56,0,0,0,0,0,0,0,0,0,0,1,0,0,0,0,0,0,0,0,0,0,8.856,6.152,2,97,0.65,0.4,0.45,0,0,1,2,1,0,1,4,0,0,0,0,0.608961747,0.396462418,0.597245139,0.78490919,0.20773704,0.789534957,0.007767117,0.998452568,0.433694891,0.662428718,0.47562786,0.564506544,-0.088878684
2023-wimbledon-2701,Marketa Vondrousova,Ons Jabeur,1:16:33,2,9,120,1,0,4,4,40,30,2,2,1,64,56,1,0,0,0,0,0,0,0,0,0,1,0,0,0,0,1,0,1,0,0,0,17.062,14.132,4,74,0.65,0.4,0.45,0,0,1,2,0,0,0,5,1,0,0,0,0.806618495,0.194765019,0.462579794,0.613991614,0.209906148,0.791691671,0.512526697,0.482952923,0.473054701,0.471063196,0.409820551,0.564486616,-0.154666065
2023-wimbledon-2701,Marketa Vondrousova,Ons Jabeur,1:18:13,2,10,121,1,0,5,4,0,0,1,1,1,65,56,0,0,0,0,0,0,0,0,0,0,1,0,0,0,0,0,0,0,0,0,0,38.604,77.86,11,100,0.5,0.8,0.85,0,0,0,2,0,0,0,6,1,0,0,0,0.879382216,0.123680044,0.977641744,0.442001117,0.705455511,0.287597826,0.986705766,0.080758548,0.966282506,0.240657792,0.642229102,0.435064151,0.207164951
2023-wimbledon-2701,Marketa Vondrousova,Ons Jabeur,1:18:48,2,10,122,1,0,5,4,15,0,1,1,1,66,56,0,0,0,0,0,0,0,0,0,0,0,1,0,1,0,0,0,0,0,0,0,12.737,18.994,3,106,0.5,0.4,0.45,0,0,0,2,0,0,0,5,1,0,0,0,0.763820676,0.240793559,0.726485683,0.773386654,0.722809168,0.285570461,0.964966394,0.059011803,0.742423623,0.295457444,0.749528691,0.409787996,0.339740695
2023-wimbledon-2701,Marketa Vondrousova,Ons Jabeur,1:19:16,2,10,123,1,0,5,4,30,0,1,1,1,67,56,0,0,0,0,0,0,0,0,0,0,0,0,0,0,0,0,0,0,0,0,0,40.082,47.854,9,113,0.75,0.8,0.45,0,0,0,2,0,0,0,4,1,0,0,0,0.643984113,0.354896277,0.818295143,0.81639542,0.929504771,0.081045834,0.906532172,0.000557764,0.875270915,0.344786302,0.748010507,0.376375325,0.371635182
2023-wimbledon-2701,Marketa Vondrousova,Ons Jabeur,1:19:57,2,10,124,1,0,5,4,40,0,1,2,2,67,57,0,0,0,0,0,0,0,1,0,1,0,0,0,0,0,0,0,0,0,0,0,1.522,1.969,0,0,0.5,0.4,0,0,0,0,1,1,0,1,4,1,0,0,0,0.649734567,0.358875314,0,0.016718454,0.822965232,0.171701247,0.408514225,0.522801328,0.597637364,0.181967894,0.695113217,0.36648862,0.328624597
2023-wimbledon-2701,Marketa Vondrousova,Ons Jabeur,1:20:28,2,10,125,1,0,5,4,40,15,1,1,1,68,57,1,1,0,0,1,0,B,0,0,0,0,1,0,1,0,0,0,0,0,0,0,20.288,16.913,5,106,0.5,0.4,0.45,0,0,1,1,1,0,1,3,1,0,0,0,0.570333539,0.429434379,0.665665916,0.86279185,0.724197183,0.286950546,0.964528566,0.058573827,0.715981377,0.487576006,0.582606781,0.439953214,0.142653567
